source,target,weight,connection_type
ADAL,ADFL,2.0,mixed
ADAL,AIBL,1.0,chemical
ADAL,AIBR,2.0,chemical
ADAL,ASHL,2.0,mixed
ADAL,AVAR,2.0,chemical
ADAL,AVBL,4.0,chemical
ADAL,AVBR,7.0,chemical
ADAL,AVDL,1.0,chemical
ADAL,AVDR,2.0,electrical
ADAL,AVEL,1.0,chemical
ADAL,AVJR,5.0,chemical
ADAL,FLPR,1.0,chemical
ADAL,RICL,2.0,chemical
ADAL,RICR,1.0,chemical
ADAL,RIML,3.0,chemical
ADAL,RIPL,1.0,chemical
ADAL,SMDVR,2.0,chemical
ADAL,ADAR,1.0,electrical
ADAL,ADEL,1.0,chemical
ADAL,RMGL,1.0,chemical
ADAL,PVR,1.0,chemical
ADAL,AIAL,1.0,chemical
ADAL,AWAL,1.0,chemical
ADAL,PVQL,1.0,electrical
ADAL,PVPL,1.0,chemical
ADFL,AIZL,12.0,chemical
ADFL,AUAL,5.0,chemical
ADFL,OLQVL,1.0,chemical
ADFL,RIAL,15.0,chemical
ADFL,RIGL,1.0,chemical
ADFL,RIR,2.0,chemical
ADFL,SMBVL,2.0,chemical
ADFL,ASHL,3.0,chemical
ADFL,AWBL,9.0,chemical
AIBL,AIYL,1.0,chemical
AIBL,ASER,3.0,chemical
AIBL,AVAL,2.0,chemical
AIBL,AVBL,5.0,chemical
AIBL,FLPL,3.0,chemical
AIBL,RIBR,6.0,chemical
AIBL,RIFL,1.0,chemical
AIBL,RIGR,4.0,mixed
AIBL,RIML,2.0,chemical
AIBL,RIMR,14.0,mixed
AIBL,SAADL,3.0,chemical
AIBL,SAADR,2.0,chemical
AIBL,SMDDR,4.0,chemical
AIBL,ASHL,5.0,chemical
AIBL,ADAR,1.0,chemical
AIBL,RIVL,1.0,electrical
AIBL,AIZL,4.0,chemical
AIBL,AIZR,8.0,chemical
AIBL,ADLL,7.0,chemical
AIBL,AIAL,10.0,chemical
AIBL,AFDL,1.0,electrical
AIBL,AINR,2.0,chemical
AIBL,ASGL,3.0,chemical
AIBL,ASIL,1.0,chemical
AIBL,ASKL,2.0,chemical
AIBL,AWCL,2.0,chemical
AIBL,HSNR,1.0,chemical
AIBL,ASEL,7.0,chemical
AIBL,BAGL,1.0,chemical
AIBL,SAAVL,1.0,chemical
AIBL,SDQR,2.0,chemical
AIBL,DVC,1.0,electrical
AIBL,PVT,1.0,electrical
AIBR,AVAR,1.0,chemical
AIBR,AVBR,3.0,chemical
AIBR,AVEL,1.0,chemical
AIBR,RIAL,1.0,chemical
AIBR,RIBL,6.0,chemical
AIBR,RIML,17.0,mixed
AIBR,RIMR,1.0,chemical
AIBR,SAADL,1.0,chemical
AIBR,SMDDL,3.0,chemical
AIBR,SMDVL,1.0,chemical
AIBR,VB1,4.0,chemical
AIBR,FLPR,1.0,chemical
AIBR,ADAR,1.0,chemical
AIBR,ASHR,3.0,chemical
AIBR,RIVR,1.0,electrical
AIBR,FLPL,2.0,chemical
AIBR,RIGL,3.0,electrical
AIBR,RMGL,1.0,chemical
AIBR,AIZL,8.0,chemical
AIBR,AIZR,1.0,chemical
AIBR,ADLL,1.0,chemical
AIBR,ADLR,10.0,chemical
AIBR,ASER,10.0,chemical
AIBR,AWBL,1.0,chemical
AIBR,AIAR,14.0,chemical
AIBR,AWCR,4.0,chemical
AIBR,AFDR,1.0,electrical
AIBR,ASGR,2.0,chemical
AIBR,ASIR,1.0,chemical
AIBR,AWCL,1.0,chemical
AIBR,SAADR,1.0,chemical
AIBR,HSNR,1.0,chemical
AIBR,ASEL,4.0,chemical
AIBR,SDQL,1.0,chemical
AIBR,DB1,1.0,electrical
AIBR,DVC,2.0,electrical
AIBR,PVT,1.0,electrical
AIBR,RIS,1.0,electrical
ASHL,AIAL,8.0,chemical
ASHL,ASHR,1.0,electrical
ASHL,ASKL,1.0,chemical
ASHL,AVAL,2.0,chemical
ASHL,AVBL,6.0,chemical
ASHL,AVDL,2.0,chemical
ASHL,AVDR,4.0,chemical
ASHL,RIAL,4.0,chemical
ASHL,RIML,1.0,chemical
ASHL,RIPL,1.0,chemical
ASHL,RICL,2.0,electrical
ASHL,RMGL,1.0,electrical
ASHL,AIZL,1.0,electrical
ASHL,ADLL,2.0,chemical
ASHL,HSNL,1.0,chemical
ASHL,HSNR,2.0,chemical
ASHL,URXL,1.0,chemical
AVAR,ADER,2.0,chemical
AVAR,AS1,2.0,electrical
AVAR,AS10,1.0,electrical
AVAR,AS11,6.0,chemical
AVAR,AS2,2.0,chemical
AVAR,AS3,1.0,electrical
AVAR,AS4,1.0,chemical
AVAR,AS5,1.0,electrical
AVAR,AS6,1.0,electrical
AVAR,AS7,5.0,electrical
AVAR,AS8,3.0,electrical
AVAR,AS9,2.0,mixed
AVAR,AVAL,7.0,mixed
AVAR,AVBL,8.0,chemical
AVAR,AVDL,20.0,chemical
AVAR,AVDR,17.0,chemical
AVAR,AVEL,9.0,chemical
AVAR,AVER,18.0,chemical
AVAR,DA1,6.0,electrical
AVAR,DA2,2.0,electrical
AVAR,DA3,2.0,electrical
AVAR,DA4,2.0,electrical
AVAR,DA5,5.0,electrical
AVAR,DA6,2.0,electrical
AVAR,DA7,3.0,chemical
AVAR,DA8,1.0,electrical
AVAR,DA9,2.0,chemical
AVAR,DB3,1.0,chemical
AVAR,DB5,3.0,mixed
AVAR,DB6,5.0,chemical
AVAR,LUAL,7.0,chemical
AVAR,LUAR,10.0,chemical
AVAR,PDEL,1.0,chemical
AVAR,PDER,1.0,chemical
AVAR,PVCL,11.0,chemical
AVAR,PVCR,10.0,mixed
AVAR,RIGL,1.0,chemical
AVAR,RIML,2.0,electrical
AVAR,RIMR,1.0,electrical
AVAR,SABD,1.0,chemical
AVAR,SABVL,3.0,electrical
AVAR,SABVR,1.0,electrical
AVAR,URYDR,1.0,electrical
AVAR,URYVL,1.0,electrical
AVAR,VA10,1.0,electrical
AVAR,VA11,7.0,electrical
AVAR,VA12,1.0,electrical
AVAR,VA2,2.0,chemical
AVAR,VA3,2.0,electrical
AVAR,VA4,3.0,electrical
AVAR,VA5,3.0,electrical
AVAR,VA6,2.0,electrical
AVAR,VA7,4.0,electrical
AVAR,VA8,4.0,electrical
AVAR,VA9,6.0,chemical
AVAR,VB9,4.0,electrical
AVAR,VD13,4.0,chemical
AVAR,AVBR,7.0,chemical
AVAR,AVJR,1.0,chemical
AVAR,FLPR,5.0,chemical
AVAR,RICL,6.0,chemical
AVAR,RICR,5.0,chemical
AVAR,ASHR,5.0,chemical
AVAR,AVJL,1.0,chemical
AVAR,ADEL,3.0,chemical
AVAR,FLPL,17.0,chemical
AVAR,SAAVR,13.0,chemical
AVAR,AUAR,1.0,chemical
AVAR,PVPR,2.0,chemical
AVAR,ADLL,3.0,chemical
AVAR,ADLR,2.0,chemical
AVAR,RIBR,2.0,chemical
AVAR,SAADR,3.0,chemical
AVAR,RMGR,1.0,chemical
AVAR,BAGL,2.0,chemical
AVAR,DVA,1.0,chemical
AVAR,SMBDL,1.0,chemical
AVAR,SDQL,3.0,chemical
AVAR,AQR,3.0,chemical
AVAR,PVPL,2.0,chemical
AVAR,VD5,1.0,chemical
AVAR,DVC,7.0,chemical
AVAR,PQR,11.0,chemical
AVAR,AVG,3.0,chemical
AVAR,VD11,2.0,chemical
AVAR,PHBR,7.0,chemical
AVAR,PLMR,1.0,chemical
AVAR,PHBL,6.0,chemical
AVAR,PVDL,6.0,chemical
AVAR,PVWR,1.0,chemical
AVAR,PVDR,9.0,chemical
AVBL,AQR,4.0,mixed
AVBL,AS10,1.0,chemical
AVBL,AS3,1.0,chemical
AVBL,AS4,1.0,chemical
AVBL,AS5,1.0,chemical
AVBL,AS6,1.0,chemical
AVBL,AS7,2.0,electrical
AVBL,AS9,1.0,chemical
AVBL,AVAL,7.0,chemical
AVBL,AVBR,4.0,mixed
AVBL,AVDL,1.0,chemical
AVBL,AVDR,3.0,chemical
AVBL,AVEL,1.0,chemical
AVBL,AVER,2.0,chemical
AVBL,AVL,1.0,chemical
AVBL,DVA,2.0,mixed
AVBL,PVNR,2.0,chemical
AVBL,SDQR,7.0,mixed
AVBL,SIBVL,1.0,electrical
AVBL,VA10,1.0,chemical
AVBL,VA2,1.0,chemical
AVBL,VA7,1.0,chemical
AVBL,VB1,1.0,electrical
AVBL,VB10,2.0,electrical
AVBL,VB11,2.0,electrical
AVBL,VB2,3.0,electrical
AVBL,VB5,1.0,electrical
AVBL,VB6,1.0,electrical
AVBL,VB7,2.0,electrical
AVBL,VB8,7.0,electrical
AVBL,VB9,1.0,electrical
AVBL,VC3,1.0,chemical
AVBL,AVJR,3.0,chemical
AVBL,FLPR,5.0,chemical
AVBL,RIML,2.0,chemical
AVBL,ADAR,2.0,chemical
AVBL,AVJL,1.0,chemical
AVBL,PVQR,1.0,chemical
AVBL,RIMR,2.0,chemical
AVBL,FLPL,4.0,chemical
AVBL,RIFL,10.0,chemical
AVBL,URBL,1.0,chemical
AVBL,AVKL,1.0,chemical
AVBL,PVR,4.0,chemical
AVBL,PVPR,4.0,chemical
AVBL,URXR,1.0,chemical
AVBL,ADLL,4.0,chemical
AVBL,ADLR,1.0,chemical
AVBL,AWBL,1.0,chemical
AVBL,PVCL,5.0,chemical
AVBL,RIFR,1.0,chemical
AVBL,RIBR,1.0,electrical
AVBL,RIBL,1.0,electrical
AVBL,AVFL,1.0,chemical
AVBL,AVFR,1.0,chemical
AVBL,AVHL,1.0,chemical
AVBL,AVHR,2.0,chemical
AVBL,RID,1.0,electrical
AVBL,AVM,6.0,chemical
AVBL,PVCR,8.0,chemical
AVBL,PVPL,5.0,chemical
AVBL,URXL,1.0,chemical
AVBL,DB5,1.0,electrical
AVBL,DB6,2.0,electrical
AVBL,DB3,1.0,electrical
AVBL,DB4,1.0,electrical
AVBL,DVC,1.0,chemical
AVBL,AVG,2.0,chemical
AVBL,VC4,1.0,chemical
AVBL,DB7,2.0,electrical
AVBL,VB4,1.0,electrical
AVBR,AS1,1.0,chemical
AVBR,AS10,1.0,chemical
AVBR,AS3,1.0,chemical
AVBR,AS4,1.0,chemical
AVBR,AS5,1.0,chemical
AVBR,AS6,1.0,electrical
AVBR,AS7,2.0,electrical
AVBR,AVAL,7.0,chemical
AVBR,DA5,1.0,chemical
AVBR,DB4,1.0,electrical
AVBR,DD1,1.0,electrical
AVBR,DVA,1.0,electrical
AVBR,HSNR,1.0,chemical
AVBR,PVNL,3.0,mixed
AVBR,SIBVL,1.0,electrical
AVBR,VA4,1.0,chemical
AVBR,VA9,2.0,mixed
AVBR,VB10,1.0,electrical
AVBR,VB11,1.0,electrical
AVBR,VB2,1.0,electrical
AVBR,VB3,1.0,electrical
AVBR,VB6,2.0,electrical
AVBR,VB7,2.0,electrical
AVBR,VB8,3.0,electrical
AVBR,VB9,6.0,electrical
AVBR,VD3,1.0,chemical
AVBR,AVJR,1.0,chemical
AVBR,FLPR,1.0,chemical
AVBR,RIML,3.0,chemical
AVBR,ADAR,5.0,chemical
AVBR,ASHR,3.0,chemical
AVBR,AVJL,4.0,chemical
AVBR,RIMR,5.0,chemical
AVBR,FLPL,5.0,chemical
AVBR,RIFL,1.0,chemical
AVBR,RMGL,2.0,chemical
AVBR,PVR,4.0,chemical
AVBR,AWBR,2.0,chemical
AVBR,PVPR,5.0,chemical
AVBR,URXR,2.0,chemical
AVBR,ADLR,2.0,chemical
AVBR,PVCL,12.0,chemical
AVBR,AIML,2.0,chemical
AVBR,RIFR,17.0,chemical
AVBR,RIBR,1.0,electrical
AVBR,RIBL,1.0,electrical
AVBR,AVFL,2.0,chemical
AVBR,AVFR,5.0,chemical
AVBR,AVHL,1.0,chemical
AVBR,AVHR,1.0,chemical
AVBR,PVNR,2.0,chemical
AVBR,RMGR,1.0,chemical
AVBR,RID,2.0,electrical
AVBR,AVM,6.0,chemical
AVBR,PVCR,6.0,chemical
AVBR,AQR,4.0,chemical
AVBR,PVPL,6.0,chemical
AVBR,DB1,3.0,electrical
AVBR,DB5,1.0,electrical
AVBR,DB6,1.0,electrical
AVBR,SDQR,4.0,chemical
AVBR,VA8,1.0,electrical
AVBR,DB3,1.0,electrical
AVBR,URYVL,1.0,chemical
AVBR,AVG,2.0,chemical
AVBR,URBR,1.0,chemical
AVBR,DB2,1.0,electrical
AVBR,DB7,1.0,electrical
AVBR,VB4,1.0,electrical
AVBR,VD10,1.0,electrical
AVDL,AS1,1.0,chemical
AVDL,AS10,1.0,chemical
AVDL,AS11,2.0,chemical
AVDL,AS4,1.0,chemical
AVDL,AS5,1.0,chemical
AVDL,AVAL,14.0,chemical
AVDL,DA1,1.0,chemical
AVDL,DA2,1.0,chemical
AVDL,DA3,4.0,chemical
AVDL,DA4,2.0,chemical
AVDL,DA5,1.0,chemical
AVDL,DA8,1.0,chemical
AVDL,LUAL,5.0,chemical
AVDL,PVCL,6.0,chemical
AVDL,SABD,2.0,chemical
AVDL,SABVL,1.0,chemical
AVDL,SABVR,1.0,chemical
AVDL,VA5,2.0,chemical
AVDL,AVDR,2.0,chemical
AVDL,AVJR,1.0,chemical
AVDL,FLPR,1.0,electrical
AVDL,ADAR,2.0,electrical
AVDL,ASHR,5.0,chemical
AVDL,AVJL,1.0,chemical
AVDL,FLPL,1.0,electrical
AVDL,ADLL,1.0,chemical
AVDL,ADLR,5.0,chemical
AVDL,AIML,1.0,chemical
AVDL,AVHL,1.0,chemical
AVDL,RMGR,1.0,chemical
AVDL,AVM,2.0,electrical
AVDL,PVCR,5.0,chemical
AVDL,AQR,1.0,chemical
AVDL,VA4,1.0,chemical
AVDL,LUAR,1.0,chemical
AVDL,PVNL,3.0,chemical
AVDL,PQR,7.0,chemical
AVDL,PHBR,1.0,chemical
AVDL,PLMR,1.0,chemical
AVDL,PHBL,1.0,chemical
AVDR,AS10,1.0,chemical
AVDR,AS5,1.0,chemical
AVDR,AVAL,16.0,chemical
AVDR,DA1,2.0,chemical
AVDR,DA2,1.0,chemical
AVDR,DA3,2.0,chemical
AVDR,DA4,2.0,chemical
AVDR,DA5,2.0,chemical
AVDR,DA8,1.0,chemical
AVDR,DA9,1.0,chemical
AVDR,DB4,1.0,chemical
AVDR,DVC,1.0,chemical
AVDR,LUAL,4.0,chemical
AVDR,PQR,7.0,chemical
AVDR,SABD,1.0,chemical
AVDR,SABVL,3.0,chemical
AVDR,SABVR,1.0,chemical
AVDR,VA11,1.0,chemical
AVDR,VA2,1.0,chemical
AVDR,VA3,2.0,chemical
AVDR,VA6,1.0,chemical
AVDR,AVJR,3.0,chemical
AVDR,FLPR,1.0,electrical
AVDR,ASHR,1.0,chemical
AVDR,AVJL,2.0,electrical
AVDR,ADER,2.0,chemical
AVDR,FLPL,13.0,chemical
AVDR,AVER,1.0,chemical
AVDR,AUAL,1.0,chemical
AVDR,ADLL,1.0,electrical
AVDR,ADLR,2.0,chemical
AVDR,PVCL,2.0,chemical
AVDR,AIML,1.0,chemical
AVDR,HSNL,2.0,chemical
AVDR,RIBL,1.0,chemical
AVDR,ALML,1.0,chemical
AVDR,AVHR,1.0,chemical
AVDR,AIMR,1.0,chemical
AVDR,HSNR,1.0,chemical
AVDR,PVNR,1.0,chemical
AVDR,PVCR,1.0,chemical
AVDR,AQR,1.0,chemical
AVDR,PVPL,2.0,chemical
AVDR,LUAR,3.0,chemical
AVDR,PVNL,3.0,chemical
AVDR,AVG,1.0,chemical
AVDR,PHAL,1.0,chemical
AVDR,PHBR,1.0,chemical
AVDR,PLMR,4.0,chemical
AVDR,PVWR,1.0,chemical
AVEL,AS1,1.0,chemical
AVEL,AVAL,12.0,chemical
AVEL,AVER,1.0,electrical
AVEL,DA1,5.0,chemical
AVEL,DA2,1.0,chemical
AVEL,DA3,3.0,chemical
AVEL,DA4,1.0,chemical
AVEL,PVCR,2.0,chemical
AVEL,PVT,1.0,chemical
AVEL,RMDVR,1.0,electrical
AVEL,SABD,6.0,chemical
AVEL,SABVL,7.0,chemical
AVEL,SABVR,3.0,chemical
AVEL,VA1,5.0,chemical
AVEL,VA3,3.0,chemical
AVEL,VD2,1.0,chemical
AVEL,VD3,1.0,chemical
AVEL,FLPR,4.0,chemical
AVEL,RIML,2.0,electrical
AVEL,ADAR,1.0,chemical
AVEL,AVJL,1.0,chemical
AVEL,RIMR,3.0,electrical
AVEL,ADEL,1.0,chemical
AVEL,AVL,1.0,chemical
AVEL,IL2L,1.0,chemical
AVEL,RIGL,2.0,chemical
AVEL,RMGL,2.0,chemical
AVEL,ALA,2.0,chemical
AVEL,AVKL,2.0,chemical
AVEL,CEPDR,6.0,chemical
AVEL,OLLR,16.0,chemical
AVEL,AUAL,3.0,chemical
AVEL,AIZR,4.0,chemical
AVEL,PVCL,2.0,chemical
AVEL,RIBR,3.0,chemical
AVEL,RIBL,2.0,chemical
AVEL,ALML,1.0,chemical
AVEL,PVNR,3.0,chemical
AVEL,BAGL,1.0,chemical
AVEL,BAGR,4.0,chemical
AVEL,DVA,9.0,chemical
AVEL,SDQL,1.0,chemical
AVEL,CEPVR,5.0,chemical
AVEL,URXL,4.0,chemical
AVEL,URYVR,6.0,chemical
AVEL,URYDR,2.0,chemical
AVEL,PVNL,1.0,chemical
AVEL,AVG,1.0,chemical
AVEL,RIS,7.0,chemical
AVEL,IL1R,1.0,chemical
AVEL,RMEV,1.0,electrical
AVJR,AVAL,1.0,chemical
AVJR,AVER,3.0,chemical
AVJR,AVJL,4.0,electrical
AVJR,PVCL,2.0,mixed
AVJR,PVCR,4.0,chemical
AVJR,PVQR,1.0,chemical
AVJR,SABVL,1.0,chemical
AVJR,FLPR,1.0,chemical
AVJR,ADER,1.0,chemical
AVJR,BDUL,1.0,chemical
AVJR,RIFL,2.0,chemical
AVJR,PVR,2.0,chemical
AVJR,ADLL,3.0,chemical
AVJR,ADLR,2.0,chemical
AVJR,RIFR,2.0,chemical
AVJR,AVFL,1.0,chemical
AVJR,AVFR,1.0,chemical
AVJR,AVHR,4.0,chemical
AVJR,PVNR,1.0,chemical
AVJR,AVM,1.0,chemical
AVJR,URXL,1.0,chemical
AVJR,LUAR,1.0,chemical
AVJR,PVNL,5.0,chemical
FLPR,ADER,3.0,chemical
FLPR,AVAL,12.0,chemical
FLPR,AVER,2.0,chemical
FLPR,DVA,1.0,chemical
FLPR,FLPL,3.0,mixed
FLPR,PVCL,2.0,chemical
FLPR,VB1,1.0,chemical
RICL,ADAR,2.0,chemical
RICL,AVAL,5.0,chemical
RICL,AVKL,1.0,electrical
RICL,AVKR,1.0,electrical
RICL,RIML,1.0,chemical
RICL,RIMR,3.0,chemical
RICL,RIVR,1.0,chemical
RICL,RMFR,1.0,chemical
RICL,SMBDL,2.0,chemical
RICL,SMDDL,3.0,chemical
RICL,SMDDR,3.0,chemical
RICL,SMDVR,1.0,chemical
RICL,CEPDL,2.0,chemical
RICL,IL2L,1.0,chemical
RICL,CEPDR,4.0,chemical
RICL,OLQVL,1.0,chemical
RICL,AWBR,1.0,electrical
RICL,ADLR,1.0,chemical
RICL,OLQDR,1.0,chemical
RICL,CEPVL,7.0,chemical
RICL,CEPVR,2.0,chemical
RICL,URXL,1.0,chemical
RICR,ADAR,1.0,chemical
RICR,ASHR,2.0,electrical
RICR,AVAL,5.0,chemical
RICR,AVKL,1.0,electrical
RICR,SMBDR,1.0,chemical
RICR,SMDDL,4.0,chemical
RICR,SMDDR,3.0,chemical
RICR,SMDVL,2.0,chemical
RICR,SMDVR,1.0,chemical
RICR,CEPDL,4.0,chemical
RICR,URBL,1.0,chemical
RICR,CEPDR,3.0,chemical
RICR,ADLR,1.0,chemical
RICR,OLQDR,1.0,chemical
RICR,CEPVL,4.0,chemical
RICR,SDQL,1.0,chemical
RICR,CEPVR,4.0,chemical
RICR,SDQR,1.0,chemical
RICR,OLQDL,1.0,chemical
RICR,URBR,1.0,chemical
RICR,OLQVR,1.0,chemical
RICR,IL2DR,1.0,chemical
RIML,AVAL,1.0,chemical
RIML,AVER,3.0,electrical
RIML,LegacyBodyWallMuscles,4.0,chemical
RIML,RIBL,1.0,chemical
RIML,RMDL,1.0,chemical
RIML,RMDR,1.0,chemical
RIML,RMFR,1.0,chemical
RIML,SAADR,5.0,chemical
RIML,SAAVL,5.0,chemical
RIML,SAAVR,7.0,chemical
RIML,SMDDR,5.0,chemical
RIML,SMDVL,1.0,chemical
RIML,RIFL,4.0,chemical
RIML,AVKL,2.0,chemical
RIML,AVKR,2.0,chemical
RIML,AIZL,4.0,chemical
RIML,AIYL,1.0,electrical
RIML,HSNL,2.0,chemical
RIML,SAADL,3.0,chemical
RIML,VB1,2.0,chemical
RIML,RIS,1.0,electrical
RIPL,OLQDL,1.0,chemical
RIPL,OLQDR,1.0,chemical
RIPL,CEPDL,2.0,chemical
RIPL,RIH,5.0,chemical
RIPL,PVR,3.0,chemical
RIPL,OLQVL,1.0,chemical
RIPL,ADLL,1.0,chemical
RIPL,CEPVL,1.0,chemical
RIPL,URADL,3.0,chemical
RIPL,IL1DL,2.0,chemical
RIPL,IL1VL,4.0,chemical
RIPL,URAVL,3.0,chemical
RIPL,RMED,1.0,electrical
RIPL,I1R,1.0,electrical
RIPL,IL2DL,10.0,chemical
RIPL,IL2VL,11.0,chemical
SMDVR,LegacyBodyWallMuscles,4.0,chemical
SMDVR,RIAL,18.0,chemical
SMDVR,RIAR,12.0,chemical
SMDVR,RIVR,4.0,mixed
SMDVR,RMDDL,2.0,chemical
SMDVR,RMDVR,1.0,electrical
SMDVR,SMDDL,4.0,chemical
SMDVR,SMDVL,1.0,electrical
SMDVR,VB1,1.0,electrical
SMDVR,OLLL,4.0,chemical
SMDVR,OLLR,3.0,chemical
SMDVR,RIBL,2.0,electrical
SMDVR,URYVL,4.0,chemical
SMDVR,RIS,1.0,chemical
AIZL,RIH,4.0,chemical
AIZL,AIAL,4.0,chemical
AIZL,AIZR,2.0,electrical
AIZL,ASEL,1.0,chemical
AIZL,AVER,5.0,chemical
AIZL,DVA,4.0,chemical
AIZL,RIAL,8.0,chemical
AIZL,RIGL,1.0,chemical
AIZL,SMBDL,9.0,chemical
AIZL,SMBVL,7.0,chemical
AIZL,VB2,1.0,chemical
AIZL,RIR,6.0,chemical
AIZL,AWBL,9.0,chemical
AIZL,AIYL,13.0,chemical
AIZL,ASGL,1.0,electrical
AIZL,ASIL,1.0,chemical
AIZL,AWAL,10.0,chemical
AIZL,HSNL,2.0,chemical
AIZL,HSNR,1.0,chemical
AUAL,AINR,1.0,electrical
AUAL,AUAR,1.0,electrical
AUAL,AVAL,3.0,chemical
AUAL,RIAL,5.0,chemical
AUAL,RIBL,10.0,chemical
AUAL,RIR,1.0,chemical
AUAL,AWBL,1.0,electrical
AUAL,DVA,1.0,chemical
AUAL,URXL,5.0,chemical
AUAL,IL2DL,1.0,chemical
OLQVL,IL2L,8.0,chemical
OLQVL,RIH,2.0,chemical
OLQVL,IL1VL,2.0,chemical
OLQVL,IL2VL,2.0,chemical
OLQVL,RIGL,1.0,electrical
OLQVL,RMDDL,1.0,electrical
OLQVL,RMDVR,4.0,chemical
OLQVL,SIBDL,3.0,chemical
OLQVL,URBL,1.0,electrical
OLQVL,ADLL,1.0,electrical
OLQVL,RIBL,1.0,electrical
OLQVL,CEPVL,1.0,electrical
RIAL,RIVR,6.0,chemical
RIAL,SMDVL,9.0,chemical
RIAL,ADEL,1.0,chemical
RIAL,CEPVL,1.0,chemical
RIAL,RIAR,5.0,chemical
RIAL,RIVL,3.0,chemical
RIAL,RMDDL,12.0,chemical
RIAL,RMDDR,7.0,chemical
RIAL,RMDL,10.0,chemical
RIAL,RMDR,9.0,chemical
RIAL,RMDVL,9.0,chemical
RIAL,RMDVR,11.0,chemical
RIAL,SIADL,2.0,chemical
RIAL,SMDDL,9.0,chemical
RIAL,SMDDR,12.0,chemical
RIAL,RIH,11.0,chemical
RIAL,RIR,5.0,chemical
RIAL,AWBL,3.0,chemical
RIAL,AIYL,7.0,chemical
RIAL,AWCL,3.0,chemical
RIAL,RIBL,3.0,chemical
RIAL,BAGR,5.0,chemical
RIAL,DVA,1.0,chemical
RIAL,AQR,3.0,chemical
RIAL,URXL,8.0,chemical
RIAL,URYVL,1.0,chemical
RIAL,IL2VL,1.0,chemical
RIGL,ADEL,5.0,chemical
RIGL,ADER,7.0,chemical
RIGL,OLLL,1.0,electrical
RIGL,AIZR,1.0,chemical
RIGL,ALNL,1.0,chemical
RIGL,AQR,2.0,electrical
RIGL,AVER,1.0,chemical
RIGL,AVKL,1.0,electrical
RIGL,AVKR,2.0,chemical
RIGL,BAGR,2.0,mixed
RIGL,DVC,6.0,chemical
RIGL,RIBL,2.0,mixed
RIGL,RIGR,3.0,electrical
RIGL,RIR,3.0,chemical
RIGL,RMFL,1.0,chemical
RIGL,RMHR,3.0,chemical
RIGL,VB2,1.0,electrical
RIGL,AVHR,1.0,chemical
RIGL,BAGL,1.0,chemical
RIGL,PVPL,2.0,chemical
RIGL,URXL,3.0,chemical
RIGL,VD1,2.0,electrical
RIGL,URYVL,1.0,electrical
RIGL,PVT,2.0,chemical
RIGL,OLQDL,1.0,electrical
RIGL,URYDL,1.0,electrical
RIGL,RMEL,1.0,electrical
RIR,ADFR,3.0,chemical
RIR,RIGR,1.0,chemical
RIR,AFDR,1.0,chemical
RIR,AIZR,5.0,chemical
RIR,AWBR,3.0,chemical
RIR,BAGR,2.0,mixed
RIR,DVA,5.0,chemical
RIR,HSNL,1.0,chemical
RIR,PVPL,1.0,chemical
RIR,RIAR,1.0,chemical
RIR,URXL,5.0,chemical
RIR,URXR,2.0,chemical
RIR,AWAR,2.0,chemical
RIR,AVHL,3.0,chemical
RIR,AVHR,4.0,chemical
RIR,RMGR,1.0,chemical
RIR,BAGL,1.0,electrical
SMBVL,RMGL,2.0,chemical
SMBVL,SAAVR,2.0,electrical
SMBVL,LegacyBodyWallMuscles,6.0,chemical
SMBVL,PLNL,7.0,chemical
SMBVL,RMEV,5.0,chemical
SMBVL,SAADL,3.0,chemical
SMBVL,AIML,1.0,chemical
SMBVL,AVHR,1.0,chemical
SMBVL,DVA,3.0,chemical
AIYL,AIYR,1.0,electrical
AIYL,ASER,4.0,chemical
AIYL,AWCR,5.0,chemical
AIYL,AFDL,7.0,chemical
AIYL,AWAL,4.0,chemical
AIYL,AWCL,11.0,chemical
AIYL,HSNR,1.0,chemical
AIYL,RIBL,4.0,chemical
AIYL,ASIL,2.0,chemical
AIYL,ASEL,13.0,chemical
AIYL,BAGR,1.0,chemical
ASER,PVQR,1.0,chemical
ASER,ADLL,3.0,chemical
ASER,ADLR,1.0,chemical
ASER,AIAL,5.0,chemical
ASER,AFDL,2.0,chemical
ASER,AFDR,3.0,chemical
ASER,AIAR,4.0,chemical
ASER,AIYR,14.0,chemical
ASER,AWAR,3.0,chemical
ASER,AWCL,1.0,chemical
ASER,AWCR,1.0,chemical
ASER,AINR,2.0,chemical
ASER,ASIL,1.0,chemical
AVAL,ADAR,1.0,chemical
AVAL,AS1,3.0,electrical
AVAL,AS10,3.0,mixed
AVAL,AS11,4.0,chemical
AVAL,AS2,1.0,chemical
AVAL,AS3,2.0,electrical
AVAL,AS4,1.0,chemical
AVAL,AS5,1.0,electrical
AVAL,AS6,1.0,electrical
AVAL,AS7,6.0,electrical
AVAL,AS8,4.0,electrical
AVAL,AS9,4.0,electrical
AVAL,AVHL,1.0,chemical
AVAL,DA1,2.0,electrical
AVAL,DA2,2.0,electrical
AVAL,DA3,6.0,chemical
AVAL,DA4,3.0,electrical
AVAL,DA5,1.0,electrical
AVAL,DA6,10.0,electrical
AVAL,DA7,2.0,electrical
AVAL,DA8,4.0,chemical
AVAL,DA9,3.0,chemical
AVAL,DB5,2.0,chemical
AVAL,DB6,4.0,mixed
AVAL,LUAL,6.0,mixed
AVAL,PVCL,4.0,mixed
AVAL,PVCR,12.0,mixed
AVAL,PVPL,3.0,mixed
AVAL,RIMR,5.0,mixed
AVAL,SABD,4.0,electrical
AVAL,SABVR,1.0,electrical
AVAL,SDQR,3.0,mixed
AVAL,URYVR,2.0,mixed
AVAL,VA10,1.0,electrical
AVAL,VA11,1.0,electrical
AVAL,VA12,2.0,chemical
AVAL,VA2,5.0,mixed
AVAL,VA3,3.0,mixed
AVAL,VA4,3.0,mixed
AVAL,VA5,8.0,mixed
AVAL,VA6,10.0,mixed
AVAL,VA8,19.0,mixed
AVAL,VA9,8.0,mixed
AVAL,VB9,5.0,electrical
AVAL,AVJL,2.0,electrical
AVAL,ADEL,2.0,chemical
AVAL,ADER,5.0,chemical
AVAL,FLPL,1.0,electrical
AVAL,RMGL,1.0,chemical
AVAL,SMBDR,1.0,chemical
AVAL,ALA,1.0,chemical
AVAL,AVER,7.0,chemical
AVAL,PVPR,1.0,chemical
AVAL,ADLL,2.0,chemical
AVAL,AWCL,1.0,chemical
AVAL,SAADL,6.0,chemical
AVAL,RIBL,2.0,chemical
AVAL,PVNR,4.0,chemical
AVAL,BAGR,2.0,chemical
AVAL,DVA,3.0,chemical
AVAL,SDQL,2.0,chemical
AVAL,BDUR,3.0,chemical
AVAL,SAAVL,17.0,chemical
AVAL,AQR,2.0,chemical
AVAL,VD6,1.0,chemical
AVAL,LUAR,3.0,chemical
AVAL,VA7,2.0,electrical
AVAL,PVNL,2.0,chemical
AVAL,DVC,5.0,chemical
AVAL,PQR,8.0,chemical
AVAL,VA1,3.0,electrical
AVAL,PHBR,7.0,chemical
AVAL,PLMR,4.0,chemical
AVAL,URYDL,1.0,electrical
AVAL,PHCL,1.0,chemical
AVAL,PHBL,9.0,chemical
AVAL,PVDL,6.0,chemical
AVAL,PVDR,6.0,chemical
FLPL,ADEL,4.0,chemical
FLPL,ADER,3.0,chemical
FLPL,DVA,1.0,chemical
FLPL,RIH,1.0,electrical
FLPL,PVCR,1.0,chemical
FLPL,SDQL,1.0,chemical
RIBR,RIMR,1.0,chemical
RIBR,RIGR,2.0,mixed
RIBR,RIH,5.0,chemical
RIBR,CEPDR,1.0,chemical
RIBR,OLLR,10.0,chemical
RIBR,AIYR,2.0,chemical
RIBR,AUAR,13.0,chemical
RIBR,AIZR,1.0,chemical
RIBR,AVER,2.0,chemical
RIBR,BAGL,9.0,chemical
RIBR,OLQDR,2.0,electrical
RIBR,OLQVR,1.0,electrical
RIBR,PVT,1.0,electrical
RIBR,RIAR,2.0,chemical
RIBR,RIBL,3.0,electrical
RIBR,SIADR,1.0,electrical
RIBR,SIAVR,1.0,electrical
RIBR,SIBDR,1.0,electrical
RIBR,SIBVR,1.0,electrical
RIBR,SMBDR,1.0,electrical
RIBR,SMDDL,1.0,electrical
RIBR,SMDDR,1.0,electrical
RIBR,SMDVL,2.0,electrical
RIBR,AINL,2.0,chemical
RIBR,URYVR,1.0,chemical
RIBR,URYDR,1.0,chemical
RIBR,DVC,1.0,chemical
RIBR,RIS,5.0,chemical
RIBR,RMED,1.0,chemical
RIFL,ADEL,1.0,chemical
RIFL,ALML,2.0,chemical
RIFL,AVG,1.0,electrical
RIFL,AVHR,1.0,chemical
RIFL,PVPL,3.0,chemical
RIFL,AIAL,1.0,chemical
RIFL,AIML,1.0,chemical
RIFL,HSNL,3.0,chemical
RIFL,VD1,1.0,electrical
RIFL,PVNL,1.0,chemical
RIGR,ADFR,3.0,chemical
RIGR,ADEL,6.0,chemical
RIGR,ADER,4.0,chemical
RIGR,ALNR,1.0,chemical
RIGR,AQR,1.0,electrical
RIGR,AVER,2.0,chemical
RIGR,AVKL,4.0,chemical
RIGR,AVKR,1.0,electrical
RIGR,BAGL,5.0,mixed
RIGR,RMHL,4.0,chemical
RIGR,OLLR,1.0,electrical
RIGR,PVPR,1.0,chemical
RIGR,URXR,2.0,chemical
RIGR,AWAR,1.0,chemical
RIGR,OLQDR,1.0,electrical
RIGR,URYVR,1.0,electrical
RIGR,URYDR,1.0,electrical
RIGR,DVC,5.0,chemical
RIGR,PVT,3.0,chemical
RIGR,RMFL,1.0,chemical
RIGR,OLQVR,1.0,electrical
RIMR,ADAR,6.0,chemical
RIMR,AVER,2.0,electrical
RIMR,AVJL,1.0,chemical
RIMR,AVKL,2.0,chemical
RIMR,LegacyBodyWallMuscles,4.0,chemical
RIMR,RIS,2.0,mixed
RIMR,RMDL,3.0,chemical
RIMR,RMDR,3.0,chemical
RIMR,RMFL,1.0,chemical
RIMR,RMFR,1.0,chemical
RIMR,SAAVL,15.0,chemical
RIMR,SAAVR,5.0,chemical
RIMR,SMDDL,2.0,chemical
RIMR,SMDDR,4.0,chemical
RIMR,AVKR,2.0,chemical
RIMR,AIYR,1.0,electrical
RIMR,AIZR,4.0,chemical
RIMR,PVPR,1.0,chemical
RIMR,RIFR,4.0,chemical
RIMR,SAADL,6.0,chemical
RIMR,SAADR,5.0,chemical
RIMR,AVHL,1.0,chemical
RIMR,DVA,1.0,chemical
SAADL,RIVR,2.0,chemical
SAADL,BDUL,1.0,chemical
SAADL,AVKR,1.0,chemical
SAADL,RMGR,1.0,chemical
SAADL,SMBDL,1.0,electrical
SAADL,VB1,9.0,chemical
SAADL,PLNL,5.0,chemical
SAADR,RIVL,3.0,chemical
SAADR,AVKL,1.0,chemical
SAADR,RIAR,1.0,chemical
SAADR,SMBVR,4.0,chemical
SAADR,OLLL,1.0,chemical
SAADR,RMFL,1.0,chemical
SAADR,RMGL,1.0,chemical
SAADR,VB1,4.0,chemical
SAADR,DVA,1.0,chemical
SAADR,RMDDR,1.0,electrical
SAADR,PLNR,4.0,chemical
SMDDR,SMDVL,4.0,chemical
SMDDR,OLLL,4.0,chemical
SMDDR,RIVL,1.0,chemical
SMDDR,AVKL,1.0,chemical
SMDDR,AVKR,2.0,chemical
SMDDR,OLLR,1.0,chemical
SMDDR,AIZR,1.0,chemical
SMDDR,RIAR,8.0,chemical
SMDDR,LegacyBodyWallMuscles,3.0,chemical
SMDDR,VD1,1.0,electrical
SMDDR,RMDDR,1.0,electrical
SMDDR,SAAVL,8.0,chemical
SMDDR,ALNR,1.0,chemical
SMDDR,RIS,1.0,electrical
SMDDR,URYDL,2.0,chemical
SMDDR,RMEV,1.0,chemical
RIBL,CEPDL,2.0,chemical
RIBL,OLLL,8.0,chemical
RIBL,RIH,5.0,chemical
RIBL,AINR,2.0,chemical
RIBL,ASIL,1.0,chemical
RIBL,AVER,5.0,chemical
RIBL,BAGR,5.0,chemical
RIBL,OLQDL,2.0,electrical
RIBL,PVT,1.0,electrical
RIBL,SIADL,1.0,electrical
RIBL,SIAVL,1.0,electrical
RIBL,SIBDL,1.0,electrical
RIBL,SIBVL,1.0,electrical
RIBL,SIBVR,1.0,electrical
RIBL,SMBDL,1.0,electrical
RIBL,SMDDL,1.0,electrical
RIBL,AINL,1.0,chemical
RIBL,BAGL,1.0,chemical
RIBL,URYVL,2.0,chemical
RIBL,DVC,1.0,chemical
RIBL,RIS,3.0,chemical
RIBL,URYDL,1.0,chemical
RIBL,RMED,1.0,chemical
RIBL,IL2DL,1.0,chemical
SMDDL,RIVR,2.0,chemical
SMDDL,OLLL,3.0,chemical
SMDDL,AVKR,1.0,chemical
SMDDL,SAAVR,6.0,chemical
SMDDL,RIAR,9.0,chemical
SMDDL,LegacyBodyWallMuscles,5.0,chemical
SMDDL,RMDDL,1.0,electrical
SMDDL,URYDR,4.0,chemical
SMDDL,RIS,1.0,electrical
SMDDL,URYDL,1.0,chemical
SMDVL,ADAR,2.0,chemical
SMDVL,LegacyBodyWallMuscles,3.0,chemical
SMDVL,PVR,1.0,chemical
SMDVL,RIAR,21.0,chemical
SMDVL,RIVL,1.0,electrical
SMDVL,RMDDR,1.0,chemical
SMDVL,RMDVL,1.0,electrical
SMDVL,OLLR,4.0,chemical
SMDVL,ALNL,1.0,chemical
SMDVL,ALNR,1.0,chemical
SMDVL,URYVR,3.0,chemical
SMDVL,RIS,1.0,electrical
VB1,AVKL,4.0,electrical
VB1,DD1,1.0,chemical
VB1,DVA,2.0,chemical
VB1,LegacyBodyWallMuscles,5.0,chemical
VB1,RMFL,2.0,chemical
VB1,SABD,1.0,chemical
VB1,VA1,3.0,chemical
VB1,VA3,1.0,chemical
VB1,VD1,3.0,chemical
VB1,VD2,1.0,chemical
VB1,AVFL,1.0,chemical
VB1,VB2,4.0,electrical
VB1,VA2,2.0,chemical
VB1,DB2,2.0,electrical
AIAL,ADLL,6.0,chemical
AIAL,AIML,7.0,chemical
AIAL,ASGL,10.0,chemical
AIAL,ASIL,2.0,electrical
AIAL,ASKL,14.0,chemical
AIAL,AWAL,1.0,electrical
AIAL,AWCR,1.0,chemical
AIAL,HSNL,2.0,chemical
AIAL,RMGL,1.0,chemical
AIAL,AIAR,1.0,electrical
AIAL,AINR,2.0,chemical
AIAL,ASIR,1.0,chemical
AIAL,AWCL,2.0,chemical
AIAL,PVQL,6.0,chemical
AIAL,ASEL,3.0,chemical
ASHR,ADAR,3.0,mixed
ASHR,ADFR,3.0,chemical
ASHR,AIAR,10.0,chemical
ASHR,AVER,3.0,chemical
ASHR,HSNR,1.0,chemical
ASHR,PVPR,2.0,chemical
ASHR,RIAR,2.0,chemical
ASHR,RMGR,3.0,mixed
ASHR,AIZR,1.0,electrical
ASHR,AWBR,2.0,chemical
ASHR,ADLR,3.0,chemical
ASHR,HSNL,2.0,chemical
ASHR,ASIR,1.0,chemical
ASHR,RIFR,2.0,chemical
ASHR,ASKR,1.0,electrical
ASKL,AIML,4.0,chemical
ASKL,ASGL,1.0,chemical
ASKL,ASIL,2.0,chemical
ASKL,RMGL,1.0,electrical
ASKL,HSNL,1.0,chemical
ASKL,AVFR,1.0,chemical
ASKL,PVQL,5.0,electrical
ASKL,ASKR,1.0,electrical
ASKL,ASJL,4.0,chemical
ADER,ADEL,3.0,chemical
ADER,ADAR,1.0,chemical
ADER,ALA,1.0,chemical
ADER,AVER,1.0,chemical
ADER,AVKL,3.0,mixed
ADER,AVKR,1.0,chemical
ADER,CEPDR,1.0,chemical
ADER,OLLR,2.0,chemical
ADER,PVR,1.0,chemical
ADER,RIH,1.0,chemical
ADER,RMDR,2.0,chemical
ADER,SAAVR,1.0,chemical
ADER,AVM,2.0,chemical
ADER,BDUR,1.0,chemical
ADER,ALNR,1.0,chemical
ADER,IL2R,2.0,chemical
AS1,AVER,3.0,chemical
AS1,PVCL,1.0,chemical
AS1,DA1,2.0,chemical
AS1,LegacyBodyWallMuscles,13.0,chemical
AS1,VD1,5.0,chemical
AS1,DB1,1.0,chemical
AS1,VD2,1.0,electrical
AS1,VA3,1.0,electrical
AS11,LegacyBodyWallMuscles,2.0,chemical
AS11,PDA,2.0,chemical
AS11,PDB,2.0,electrical
AS11,VD13,2.0,chemical
AS11,VA12,2.0,chemical
AS2,AVER,2.0,chemical
AS2,RID,1.0,chemical
AS2,PVCR,1.0,chemical
AS2,DA2,1.0,electrical
AS2,DB1,2.0,chemical
AS2,DD1,1.0,chemical
AS2,LegacyBodyWallMuscles,11.0,chemical
AS2,VD2,10.0,chemical
AS2,VA4,2.0,electrical
AS3,AVER,1.0,chemical
AS3,DB1,1.0,chemical
AS3,DA2,1.0,electrical
AS3,DA3,1.0,chemical
AS3,DD1,1.0,chemical
AS3,LegacyBodyWallMuscles,12.0,chemical
AS3,VD2,1.0,chemical
AS3,VD3,15.0,chemical
AS3,VA5,2.0,electrical
AS4,DA3,2.0,mixed
AS4,AS5,1.0,chemical
AS4,LegacyBodyWallMuscles,9.0,chemical
AS4,VD4,11.0,chemical
AS4,DB3,1.0,chemical
AS5,HSNR,1.0,chemical
AS5,DD2,1.0,chemical
AS5,LegacyBodyWallMuscles,10.0,chemical
AS5,VD5,9.0,chemical
AS5,DB3,1.0,chemical
AS5,VA7,1.0,electrical
AS6,PVR,1.0,chemical
AS6,DA5,2.0,electrical
AS6,LegacyBodyWallMuscles,10.0,chemical
AS6,VD6,13.0,chemical
AS6,VA8,1.0,electrical
AS6,PLMR,1.0,chemical
AS9,LegacyBodyWallMuscles,1.0,chemical
AS9,DVB,7.0,electrical
AVER,CEPDL,5.0,chemical
AVER,IL1L,2.0,chemical
AVER,OLLL,21.0,chemical
AVER,ALA,2.0,chemical
AVER,DA1,5.0,chemical
AVER,DA2,3.0,chemical
AVER,DA3,1.0,chemical
AVER,DB3,1.0,chemical
AVER,RMDVL,1.0,electrical
AVER,RMDVR,1.0,electrical
AVER,SABD,2.0,chemical
AVER,SABVL,3.0,chemical
AVER,SABVR,3.0,chemical
AVER,VA1,1.0,chemical
AVER,VA2,1.0,chemical
AVER,VA3,2.0,chemical
AVER,VA4,1.0,chemical
AVER,VA5,1.0,chemical
AVER,AVKL,1.0,chemical
AVER,AIZR,2.0,chemical
AVER,AUAR,4.0,chemical
AVER,URXR,2.0,chemical
AVER,PVCL,1.0,chemical
AVER,AIML,1.0,chemical
AVER,RMGR,3.0,chemical
AVER,BAGL,4.0,chemical
AVER,DVA,5.0,chemical
AVER,CEPVL,3.0,chemical
AVER,PVCR,1.0,chemical
AVER,PVPL,1.0,chemical
AVER,URYDR,2.0,chemical
AVER,URYVL,5.0,chemical
AVER,AVG,1.0,chemical
AVER,RIS,7.0,chemical
AVER,URYDL,2.0,chemical
AVER,IL1R,1.0,chemical
AVER,RMEV,1.0,electrical
DA1,AVM,1.0,chemical
DA1,DD1,4.0,chemical
DA1,LegacyBodyWallMuscles,16.0,chemical
DA1,VD1,17.0,chemical
DA1,VD2,1.0,chemical
DA1,DA4,1.0,electrical
DA1,SABVR,3.0,electrical
DA1,SABVL,2.0,electrical
DA2,AVL,1.0,chemical
DA2,PVCL,1.0,chemical
DA2,DD1,3.0,chemical
DA2,LegacyBodyWallMuscles,15.0,chemical
DA2,VD1,2.0,chemical
DA2,VD2,11.0,chemical
DA2,VD3,5.0,chemical
DA2,SABVL,1.0,electrical
DA2,VA1,2.0,electrical
DA3,DA4,3.0,chemical
DA3,DB3,1.0,chemical
DA3,DD2,2.0,chemical
DA3,LegacyBodyWallMuscles,30.0,chemical
DA3,VD3,25.0,chemical
DA3,VD4,6.0,chemical
DA3,DB2,5.0,chemical
DA4,DB3,2.0,mixed
DA4,DD2,1.0,chemical
DA4,LegacyBodyWallMuscles,26.0,chemical
DA4,VD4,12.0,chemical
DA4,VD5,15.0,chemical
DA4,VB6,1.0,electrical
DA5,PVCL,1.0,chemical
DA5,HSNR,1.0,chemical
DA5,DB4,1.0,chemical
DA5,LegacyBodyWallMuscles,17.0,chemical
DA5,VD5,1.0,chemical
DA5,VD6,16.0,chemical
DA5,VA4,1.0,electrical
DA5,VA5,2.0,electrical
DA6,PVCL,1.0,chemical
DA6,HSNR,1.0,chemical
DA6,RID,3.0,chemical
DA6,LegacyBodyWallMuscles,6.0,chemical
DA6,VD4,4.0,chemical
DA6,VD5,3.0,chemical
DA6,VD6,3.0,chemical
DA8,DA9,1.0,electrical
DA8,VA12,3.0,chemical
DA8,AVG,1.0,chemical
DA8,PHBR,1.0,chemical
DA8,DVB,4.0,chemical
DA8,PHAR,1.0,chemical
DA9,PVR,1.0,chemical
DA9,RID,1.0,electrical
DA9,PVCR,1.0,chemical
DA9,PDA,1.0,electrical
DA9,DD6,1.0,chemical
DA9,LegacyBodyWallMuscles,1.0,chemical
DA9,VD13,1.0,chemical
DA9,VA12,5.0,chemical
DA9,PHCL,1.0,electrical
DA9,PHCR,2.0,chemical
DB3,PVR,1.0,chemical
DB3,PVCL,4.0,chemical
DB3,DVA,2.0,chemical
DB3,PVCR,3.0,chemical
DB3,DB2,6.0,electrical
DB3,DB4,1.0,electrical
DB3,DD2,4.0,chemical
DB3,DD3,10.0,chemical
DB3,LegacyBodyWallMuscles,25.0,chemical
DB3,VD4,9.0,chemical
DB3,VD5,26.0,chemical
DB3,VD6,7.0,chemical
DB5,PVCL,2.0,chemical
DB5,DVA,1.0,chemical
DB5,PVCR,1.0,chemical
DB6,PVCL,2.0,chemical
DB6,DVA,2.0,chemical
DB6,PVCR,2.0,chemical
LUAL,PVR,1.0,electrical
LUAL,AVJL,1.0,chemical
LUAL,PHBL,1.0,chemical
LUAL,PVNL,1.0,chemical
LUAL,PVWL,1.0,chemical
LUAL,VA12,2.0,chemical
LUAL,PHCL,1.0,chemical
LUAL,PLML,1.0,electrical
LUAR,PVR,2.0,mixed
LUAR,PVCR,4.0,chemical
LUAR,PQR,2.0,chemical
LUAR,PVWL,1.0,chemical
LUAR,PLMR,1.0,electrical
LUAR,PHCR,1.0,chemical
PDEL,AVKL,9.0,chemical
PDEL,PVR,3.0,chemical
PDEL,DVA,27.0,chemical
PDEL,PVCR,2.0,mixed
PDEL,PDER,3.0,electrical
PDEL,PVM,8.0,mixed
PDEL,VA9,1.0,chemical
PDEL,VD11,1.0,chemical
PDEL,PLMR,2.0,chemical
PDER,AVKL,17.0,chemical
PDER,PVR,1.0,chemical
PDER,AVFL,1.0,chemical
PDER,VA8,1.0,electrical
PDER,DVA,35.0,chemical
PDER,PVCL,1.0,chemical
PDER,PVCR,1.0,chemical
PDER,PLMR,3.0,chemical
PDER,PVM,1.0,electrical
PDER,VD9,1.0,electrical
PVCL,AVJL,4.0,mixed
PVCL,PVPR,4.0,chemical
PVCL,ADLR,2.0,chemical
PVCL,DB2,3.0,chemical
PVCL,DB4,3.0,chemical
PVCL,DB7,3.0,chemical
PVCL,DVA,5.0,mixed
PVCL,PVCR,7.0,mixed
PVCL,RID,5.0,chemical
PVCL,RIS,2.0,chemical
PVCL,SIBVL,2.0,chemical
PVCL,VB10,3.0,mixed
PVCL,VB11,1.0,chemical
PVCL,VB3,1.0,chemical
PVCL,VB4,1.0,chemical
PVCL,VB5,1.0,chemical
PVCL,VB6,2.0,chemical
PVCL,VB8,1.0,chemical
PVCL,RIFR,1.0,chemical
PVCL,ALML,4.0,chemical
PVCL,PVNR,1.0,chemical
PVCL,AVM,4.0,chemical
PVCL,BDUR,2.0,chemical
PVCL,VD13,1.0,chemical
PVCL,VA12,2.0,chemical
PVCL,VB9,2.0,electrical
PVCL,PVNL,1.0,chemical
PVCL,AVG,1.0,chemical
PVCL,PHBR,6.0,chemical
PVCL,PLMR,2.0,chemical
PVCL,PVM,2.0,chemical
PVCL,PHCL,2.0,chemical
PVCL,PHBL,13.0,chemical
PVCL,PLML,1.0,electrical
PVCL,PVDL,1.0,chemical
PVCL,PVDR,13.0,chemical
PVCR,AVJL,3.0,electrical
PVCR,PVR,2.0,chemical
PVCR,PVPR,7.0,chemical
PVCR,RIFR,1.0,chemical
PVCR,ALML,2.0,chemical
PVCR,DVA,1.0,chemical
PVCR,AVM,5.0,chemical
PVCR,AQR,3.0,chemical
PVCR,AVL,1.0,chemical
PVCR,DB2,1.0,chemical
PVCR,DB4,4.0,chemical
PVCR,DB7,1.0,chemical
PVCR,PVDL,7.0,chemical
PVCR,PVWR,2.0,mixed
PVCR,RID,5.0,chemical
PVCR,SIBVR,2.0,chemical
PVCR,VB10,1.0,chemical
PVCR,VB4,3.0,chemical
PVCR,VB6,2.0,chemical
PVCR,VB7,3.0,chemical
PVCR,VB8,1.0,chemical
PVCR,ALMR,3.0,chemical
PVCR,PVPL,3.0,chemical
PVCR,VD13,1.0,chemical
PVCR,VA12,3.0,chemical
PVCR,VA8,2.0,electrical
PVCR,VA9,1.0,electrical
PVCR,VB11,1.0,chemical
PVCR,PHBR,3.0,chemical
PVCR,PLMR,1.0,electrical
PVCR,PVWL,2.0,electrical
PVCR,VC2,1.0,chemical
PVCR,PHCR,1.0,electrical
PVCR,PVDR,10.0,chemical
SABD,AVL,5.0,chemical
SABD,PVR,1.0,chemical
SABD,HSNR,1.0,chemical
SABD,DVA,1.0,chemical
SABD,VA2,4.0,mixed
SABD,VA3,2.0,electrical
SABD,VA4,1.0,electrical
SABVL,AVL,4.0,chemical
SABVL,HSNL,2.0,chemical
SABVR,AVL,3.0,chemical
SABVR,HSNR,1.0,chemical
URYDR,CEPDR,1.0,chemical
URYDR,RMDDL,3.0,chemical
URYDR,RMDVR,5.0,chemical
URYDR,URADR,1.0,chemical
URYVL,IL1VL,2.0,chemical
URYVL,RIH,1.0,chemical
URYVL,RIS,1.0,chemical
URYVL,RMDDL,4.0,chemical
URYVL,RMDVR,2.0,chemical
URYVL,SIBVR,1.0,chemical
VA11,DD6,10.0,chemical
VA11,LegacyBodyWallMuscles,18.0,chemical
VA11,PVNR,2.0,chemical
VA11,VB10,1.0,chemical
VA11,VD12,7.0,chemical
VA11,VA12,1.0,chemical
VA11,AVG,1.0,chemical
VA11,VD11,1.0,chemical
VA12,DVA,1.0,chemical
VA12,VD13,12.0,chemical
VA12,DB7,4.0,chemical
VA12,DD6,2.0,chemical
VA12,LegacyBodyWallMuscles,14.0,chemical
VA12,PHCL,3.0,mixed
VA12,VB11,2.0,mixed
VA12,VD12,5.0,chemical
VA12,PHBR,2.0,chemical
VA12,PVWL,1.0,chemical
VA12,PHBL,1.0,chemical
VA12,PHCR,1.0,electrical
VA12,PVWR,1.0,chemical
VA2,DVA,1.0,chemical
VA2,VB2,1.0,chemical
VA2,VD2,9.0,mixed
VA2,DD1,13.0,chemical
VA2,LegacyBodyWallMuscles,19.0,chemical
VA2,VA3,2.0,chemical
VA2,VD1,1.0,electrical
VA3,VD3,5.0,chemical
VA3,DD1,18.0,chemical
VA3,DD2,11.0,chemical
VA3,LegacyBodyWallMuscles,29.0,chemical
VA3,VA4,1.0,chemical
VA3,VD2,3.0,chemical
VA4,DD2,21.0,chemical
VA4,LegacyBodyWallMuscles,25.0,chemical
VA4,VB3,3.0,chemical
VA4,VD4,3.0,chemical
VA5,VD5,4.0,chemical
VA5,DD2,5.0,chemical
VA5,DD3,13.0,chemical
VA5,LegacyBodyWallMuscles,19.0,chemical
VA6,HSNR,1.0,chemical
VA6,VD6,3.0,chemical
VA6,DD3,24.0,chemical
VA6,LegacyBodyWallMuscles,20.0,chemical
VA6,VB5,2.0,chemical
VA6,VD5,1.0,chemical
VA7,DD3,3.0,chemical
VA7,DD4,12.0,chemical
VA7,LegacyBodyWallMuscles,27.0,chemical
VA7,VB3,1.0,electrical
VA7,VD7,9.0,chemical
VA8,DD4,21.0,chemical
VA8,LegacyBodyWallMuscles,23.0,chemical
VA8,VA9,1.0,chemical
VA8,VB6,2.0,chemical
VA8,VB8,3.0,electrical
VA8,VB9,3.0,electrical
VA8,VD7,5.0,chemical
VA8,VD8,5.0,mixed
VA9,DD4,3.0,chemical
VA9,DD5,15.0,chemical
VA9,DVB,1.0,electrical
VA9,DVC,1.0,electrical
VA9,LegacyBodyWallMuscles,20.0,chemical
VA9,PVT,1.0,chemical
VA9,VB8,10.0,mixed
VA9,VB9,4.0,electrical
VA9,VD9,10.0,chemical
VA9,PVDR,1.0,chemical
VA9,VD7,1.0,electrical
VB9,DD5,8.0,chemical
VB9,LegacyBodyWallMuscles,24.0,chemical
VB9,VB8,6.0,mixed
VB9,VD10,7.0,chemical
VB9,DVB,1.0,electrical
VD13,RID,1.0,chemical
VD13,PDA,3.0,chemical
VD13,PDB,4.0,chemical
VD13,LegacyBodyWallMuscles,12.0,chemical
VD13,PVPL,2.0,electrical
VD13,DB7,2.0,chemical
AQR,AVKL,2.0,electrical
AQR,AVKR,1.0,electrical
AQR,PVPR,9.0,electrical
AQR,AVHR,2.0,chemical
AQR,DVA,4.0,chemical
AQR,AVJL,1.0,chemical
AQR,BAGL,2.0,chemical
AQR,BAGR,2.0,chemical
AQR,PVPL,8.0,mixed
AQR,RIAR,2.0,chemical
AQR,URXL,1.0,chemical
AVL,PVQR,1.0,chemical
AVL,ADEL,1.0,chemical
AVL,AVFR,1.0,chemical
AVL,DD1,1.0,chemical
AVL,DD6,2.0,chemical
AVL,DVB,6.0,mixed
AVL,DVC,9.0,electrical
AVL,HSNR,2.0,chemical
AVL,LegacyBodyWallMuscles,10.0,chemical
AVL,PVM,1.0,electrical
AVL,PVPR,5.0,chemical
AVL,PVWL,1.0,chemical
AVL,VD12,4.0,chemical
AVL,AVFL,1.0,chemical
AVL,PVNR,2.0,chemical
AVL,VC3,1.0,chemical
AVL,PVNL,2.0,chemical
AVL,PVT,2.0,chemical
AVL,AVG,1.0,chemical
AVL,RIS,2.0,chemical
AVL,VC1,2.0,chemical
DVA,AVKL,1.0,chemical
DVA,PVR,3.0,mixed
DVA,AIZR,2.0,chemical
DVA,AUAR,1.0,chemical
DVA,DB2,1.0,chemical
DVA,DB4,1.0,chemical
DVA,DB7,2.0,chemical
DVA,RIAR,2.0,chemical
DVA,SAAVL,1.0,chemical
DVA,SAAVR,1.0,chemical
DVA,SMBDL,3.0,chemical
DVA,SMBDR,2.0,chemical
DVA,SMBVR,2.0,chemical
DVA,VB11,2.0,chemical
DVA,DB1,1.0,electrical
DVA,SDQR,3.0,chemical
DVA,PHAL,2.0,chemical
DVA,PLMR,5.0,chemical
DVA,PVM,3.0,chemical
DVA,PHCL,6.0,chemical
DVA,PHAR,2.0,chemical
DVA,PHCR,8.0,chemical
DVA,PVDR,3.0,chemical
PVNR,AVJL,5.0,chemical
PVNR,BDUL,3.0,chemical
PVNR,AIMR,1.0,chemical
PVNR,HSNR,2.0,mixed
PVNR,BDUR,5.0,chemical
PVNR,DD3,1.0,chemical
PVNR,LegacyBodyWallMuscles,3.0,chemical
PVNR,PQR,2.0,chemical
PVNR,PVNL,6.0,chemical
PVNR,PVT,2.0,chemical
PVNR,PVWL,2.0,chemical
PVNR,VC2,2.0,chemical
PVNR,VC3,2.0,chemical
PVNR,VD12,1.0,chemical
PVNR,VD6,1.0,chemical
PVNR,VD7,1.0,chemical
PVNR,PDA,1.0,chemical
PVNR,AVG,2.0,chemical
SDQR,RIVR,2.0,electrical
SDQR,RIVL,2.0,electrical
SDQR,SDQL,1.0,electrical
SDQR,ADLL,1.0,chemical
SDQR,RMHL,2.0,chemical
SDQR,RMHR,1.0,chemical
SDQR,SIBVL,1.0,electrical
SIBVL,RMGL,2.0,chemical
SIBVL,AVM,1.0,chemical
SIBVL,URYVR,1.0,chemical
SIBVL,OLQDL,3.0,chemical
SIBVL,SIBDL,1.0,electrical
VB10,AVKL,1.0,electrical
VB10,DD6,9.0,chemical
VB10,LegacyBodyWallMuscles,20.0,chemical
VB10,PVT,1.0,chemical
VB10,VD11,2.0,chemical
VB10,VD12,3.0,chemical
VB11,DD6,7.0,chemical
VB11,LegacyBodyWallMuscles,14.0,chemical
VB11,VD12,1.0,chemical
VB2,DD1,20.0,chemical
VB2,DD2,1.0,chemical
VB2,LegacyBodyWallMuscles,26.0,chemical
VB2,VB5,1.0,electrical
VB2,VC2,1.0,chemical
VB2,VD2,12.0,chemical
VB2,VD3,5.0,chemical
VB2,VB7,2.0,electrical
VB2,DB4,1.0,electrical
VB2,VB3,1.0,electrical
VB5,VD6,9.0,chemical
VB5,DD3,27.0,chemical
VB5,LegacyBodyWallMuscles,22.0,chemical
VB5,VB6,1.0,electrical
VB5,VB4,1.0,electrical
VB6,DD4,30.0,chemical
VB6,LegacyBodyWallMuscles,28.0,chemical
VB6,VB7,1.0,chemical
VB6,VD6,1.0,chemical
VB6,VD7,8.0,chemical
VB7,DD4,2.0,chemical
VB7,LegacyBodyWallMuscles,2.0,chemical
VB8,DD5,31.0,chemical
VB8,LegacyBodyWallMuscles,32.0,chemical
VB8,VD10,1.0,chemical
VB8,VD9,10.0,chemical
VC3,HSNR,2.0,chemical
VC3,DD1,2.0,chemical
VC3,DD2,4.0,chemical
VC3,DD3,5.0,chemical
VC3,DD4,13.0,mixed
VC3,DVC,1.0,chemical
VC3,LegacyBodyWallMuscles,11.0,chemical
VC3,PVPR,1.0,chemical
VC3,PVQR,4.0,chemical
VC3,VC1,4.0,mixed
VC3,VC2,6.0,mixed
VC3,VC4,5.0,mixed
VC3,VC5,3.0,mixed
VC3,VD1,1.0,chemical
VC3,VD2,1.0,chemical
VC3,VD3,1.0,chemical
VC3,VD4,2.0,chemical
VC3,VD5,4.0,chemical
VC3,VD6,4.0,chemical
VC3,VD7,5.0,chemical
DB4,DB1,1.0,electrical
DB4,DD3,3.0,chemical
DB4,LegacyBodyWallMuscles,6.0,chemical
DB4,VD6,13.0,chemical
DB4,VC2,1.0,chemical
DB4,VB4,1.0,electrical
DD1,PVQR,1.0,chemical
DD1,RID,4.0,chemical
DD1,VD1,4.0,electrical
DD1,DB1,10.0,chemical
DD1,LegacyBodyWallMuscles,34.0,chemical
DD1,VD2,3.0,mixed
DD1,DD2,1.0,electrical
DD1,PVNL,2.0,chemical
DD1,VA1,9.0,chemical
DD1,VC2,6.0,chemical
DD1,VC1,7.0,chemical
HSNR,AVJL,2.0,chemical
HSNR,PVQR,2.0,chemical
HSNR,HSNL,2.0,mixed
HSNR,RIFR,5.0,chemical
HSNR,AVFR,1.0,chemical
HSNR,AIMR,2.0,chemical
HSNR,ASJR,1.0,chemical
HSNR,AIZR,1.0,chemical
HSNR,AVFL,2.0,chemical
HSNR,AWBL,1.0,chemical
HSNR,BDUR,5.0,chemical
HSNR,LegacyBodyWallMuscles,6.0,chemical
HSNR,RMGR,1.0,chemical
HSNR,VC2,3.0,chemical
HSNR,VD4,2.0,chemical
HSNR,ASJL,1.0,chemical
HSNR,PLMR,1.0,chemical
PVNL,PVQR,1.0,electrical
PVNL,BDUL,4.0,chemical
PVNL,AVFL,2.0,chemical
PVNL,AVHR,1.0,chemical
PVNL,AVM,1.0,chemical
PVNL,BDUR,6.0,chemical
PVNL,AVFR,1.0,chemical
PVNL,AVG,1.0,chemical
PVNL,AVJL,5.0,chemical
PVNL,LegacyBodyWallMuscles,3.0,chemical
PVNL,PQR,2.0,chemical
PVNL,PVT,1.0,chemical
PVNL,PVWL,1.0,chemical
VB3,DB1,1.0,electrical
VB3,DD2,37.0,chemical
VB3,LegacyBodyWallMuscles,35.0,chemical
VD3,DB1,1.0,chemical
VD3,VD2,2.0,electrical
VD3,LegacyBodyWallMuscles,23.0,chemical
VD3,PVPL,1.0,electrical
VD3,VD4,1.0,electrical
VD3,DD2,1.0,chemical
VD3,DB2,23.0,chemical
VD3,VC1,1.0,chemical
DVC,PVQR,1.0,chemical
DVC,PVPR,15.0,mixed
DVC,VD1,5.0,electrical
DVC,AVKL,2.0,chemical
DVC,AVKR,1.0,chemical
DVC,PVPL,2.0,electrical
DVC,PVT,3.0,chemical
DVC,RMFL,2.0,chemical
DVC,RMFR,4.0,chemical
DVC,DVB,3.0,chemical
DVC,VC5,2.0,chemical
DVC,VC2,1.0,chemical
DVC,VD10,4.0,electrical
DVC,VC1,1.0,chemical
PQR,AVG,1.0,chemical
PQR,PVPL,4.0,electrical
PVT,PVQR,1.0,chemical
PVT,AVKL,2.0,electrical
PVT,AVKR,7.0,chemical
PVT,PVPL,1.0,electrical
PVT,RIH,1.0,chemical
PVT,RMEV,1.0,chemical
PVT,RMFL,3.0,chemical
PVT,RMFR,3.0,chemical
PVT,SMBDR,1.0,chemical
PVT,AVG,1.0,chemical
PVT,PVWL,2.0,chemical
PVT,VC5,1.0,chemical
PVT,VC2,2.0,chemical
PVT,PVWR,1.0,chemical
PVT,VC1,2.0,chemical
RMDVR,RIVR,1.0,chemical
RMDVR,IL1L,2.0,chemical
RMDVR,CEPDR,2.0,chemical
RMDVR,OLLR,3.0,chemical
RMDVR,RMDR,1.0,electrical
RMDVR,SAAVR,1.0,electrical
RMDVR,RIAR,10.0,chemical
RMDVR,OLQDR,1.0,electrical
RMDVR,RMGR,5.0,chemical
RMDVR,RMDDR,1.0,electrical
RMDVR,RMDDL,11.0,chemical
RMDVR,LegacyBodyWallMuscles,9.0,chemical
RMDVR,RMDVL,1.0,electrical
RMDVR,SIBDR,1.0,chemical
RMDVR,SIBVR,1.0,chemical
RMDVR,URADR,1.0,chemical
RMDVR,IL1DR,5.0,chemical
RMDVR,IL1R,4.0,chemical
VA1,AVM,2.0,chemical
VA1,VD1,4.0,chemical
VA1,LegacyBodyWallMuscles,11.0,chemical
VD2,VD1,7.0,electrical
VD2,DB1,15.0,chemical
VD2,LegacyBodyWallMuscles,22.0,chemical
VD2,VC2,2.0,chemical
VD2,VC1,1.0,chemical
AVJL,ADAR,3.0,chemical
AVJL,AVFR,3.0,chemical
AVJL,AVHL,5.0,chemical
AVJL,PLMR,2.0,chemical
AVJL,RIFR,2.0,chemical
AVJL,RIS,2.0,mixed
AVJL,PVR,3.0,chemical
AVJL,ADLL,1.0,chemical
AVJL,AIML,1.0,chemical
AVJL,HSNL,2.0,chemical
AVJL,AVFL,1.0,chemical
AVJL,RMGR,1.0,chemical
AVJL,BDUR,2.0,chemical
AVJL,AVG,1.0,chemical
AVJL,PVWL,1.0,chemical
PVQR,ADAR,1.0,electrical
PVQR,AIAR,7.0,chemical
PVQR,ASKR,8.0,mixed
PVQR,AVFL,2.0,mixed
PVQR,AVFR,1.0,chemical
PVQR,AWAR,2.0,chemical
PVQR,RIFR,1.0,chemical
PVQR,VD1,1.0,chemical
PVQR,PVPR,1.0,chemical
PVQR,AVHL,2.0,chemical
PVQR,PVQL,2.0,electrical
PVQR,ASJR,13.0,chemical
PVQR,AVG,1.0,chemical
PVQR,VC2,1.0,chemical
ADAR,ADFR,2.0,mixed
ADAR,RIPR,1.0,chemical
ADAR,RIVR,1.0,chemical
ADAR,AIAR,1.0,chemical
ADAR,RMGR,1.0,chemical
ADAR,URBR,1.0,chemical
AVKL,SMBDR,1.0,electrical
AVKL,AVM,1.0,chemical
AVKL,PVM,12.0,chemical
AVKL,PVPL,1.0,electrical
AVKL,PVPR,1.0,electrical
AVKL,RMFR,4.0,chemical
AVKL,SIAVR,1.0,chemical
AVKL,SMBVR,1.0,electrical
AVKL,AVKR,2.0,electrical
AVKL,PVR,1.0,chemical
AVKL,RMDR,1.0,chemical
AVKL,SMBDL,1.0,electrical
AVKL,RIS,1.0,chemical
AVKL,RMFL,4.0,chemical
AVKR,SMBDR,2.0,electrical
AVKR,ADEL,1.0,electrical
AVKR,BDUL,1.0,chemical
AVKR,LegacyBodyWallMuscles,2.0,chemical
AVKR,PVPL,6.0,electrical
AVKR,PVQL,1.0,chemical
AVKR,RMDR,1.0,chemical
AVKR,RMFL,5.0,chemical
AVKR,SMBDL,2.0,mixed
AVKR,SMBVR,1.0,electrical
AVKR,RIS,4.0,chemical
AVKR,RMFR,3.0,chemical
RIVR,LegacyBodyWallMuscles,5.0,chemical
RIVR,RIAR,2.0,chemical
RIVR,RMDDL,1.0,chemical
RIVR,RMDR,1.0,chemical
RIVR,RMEV,1.0,chemical
RIVR,SIAVL,2.0,chemical
RIVR,ADEL,1.0,chemical
RIVR,RIVL,2.0,electrical
RMFR,SAAVL,2.0,chemical
RMFR,RMDL,2.0,chemical
SMBDL,AWBL,1.0,chemical
SMBDL,AVHR,1.0,chemical
SMBDL,LegacyBodyWallMuscles,8.0,chemical
SMBDL,RMED,3.0,chemical
SMBDL,SAAVR,2.0,chemical
SMBDL,ALNR,2.0,chemical
SMBDL,URBR,1.0,chemical
SMBDR,ADFR,1.0,chemical
SMBDR,ADEL,1.0,chemical
SMBDR,CEPDL,1.0,chemical
SMBDR,LegacyBodyWallMuscles,10.0,chemical
SMBDR,RMED,4.0,chemical
SMBDR,SAAVL,3.0,chemical
SMBDR,URBL,1.0,chemical
SMBDR,CEPDR,1.0,chemical
SMBDR,AIZR,5.0,chemical
SMBDR,AVHL,1.0,chemical
SMBDR,ALNL,1.0,electrical
LegacyBodyWallMuscles,IL1L,13.0,chemical
LegacyBodyWallMuscles,RIVL,4.0,chemical
LegacyBodyWallMuscles,RMDL,11.0,chemical
LegacyBodyWallMuscles,RMGL,4.0,chemical
LegacyBodyWallMuscles,RMHL,8.0,chemical
LegacyBodyWallMuscles,RMDR,4.0,chemical
LegacyBodyWallMuscles,SMBVR,6.0,chemical
LegacyBodyWallMuscles,HSNL,7.0,chemical
LegacyBodyWallMuscles,AVFL,2.0,chemical
LegacyBodyWallMuscles,AVFR,4.0,chemical
LegacyBodyWallMuscles,RMGR,3.0,chemical
LegacyBodyWallMuscles,RID,3.0,chemical
LegacyBodyWallMuscles,RMDDR,10.0,chemical
LegacyBodyWallMuscles,RMDDL,8.0,chemical
LegacyBodyWallMuscles,RMHR,7.0,chemical
LegacyBodyWallMuscles,VD1,12.0,chemical
LegacyBodyWallMuscles,PDA,2.0,chemical
LegacyBodyWallMuscles,PDB,2.0,chemical
LegacyBodyWallMuscles,DB1,3.0,chemical
LegacyBodyWallMuscles,VD4,25.0,chemical
LegacyBodyWallMuscles,DD2,28.0,chemical
LegacyBodyWallMuscles,VD5,26.0,chemical
LegacyBodyWallMuscles,VD6,27.0,chemical
LegacyBodyWallMuscles,RMDVL,9.0,chemical
LegacyBodyWallMuscles,VC4,7.0,chemical
LegacyBodyWallMuscles,VD11,11.0,chemical
LegacyBodyWallMuscles,RMFL,3.0,chemical
LegacyBodyWallMuscles,DD6,1.0,chemical
LegacyBodyWallMuscles,VD12,13.0,chemical
LegacyBodyWallMuscles,URADL,6.0,chemical
LegacyBodyWallMuscles,URADR,7.0,chemical
LegacyBodyWallMuscles,IL1DL,5.0,chemical
LegacyBodyWallMuscles,IL1DR,7.0,chemical
LegacyBodyWallMuscles,IL1R,13.0,chemical
LegacyBodyWallMuscles,IL1VL,9.0,chemical
LegacyBodyWallMuscles,URAVL,9.0,chemical
LegacyBodyWallMuscles,IL1VR,10.0,chemical
LegacyBodyWallMuscles,URAVR,8.0,chemical
LegacyBodyWallMuscles,DB2,24.0,chemical
LegacyBodyWallMuscles,DD3,32.0,chemical
LegacyBodyWallMuscles,VD8,25.0,chemical
LegacyBodyWallMuscles,DD5,1.0,chemical
LegacyBodyWallMuscles,VD9,28.0,chemical
LegacyBodyWallMuscles,RMED,10.0,chemical
LegacyBodyWallMuscles,RMEV,5.0,chemical
LegacyBodyWallMuscles,VC5,2.0,chemical
LegacyBodyWallMuscles,VC2,10.0,chemical
LegacyBodyWallMuscles,RMER,15.0,chemical
LegacyBodyWallMuscles,RMEL,12.0,chemical
LegacyBodyWallMuscles,PLNL,1.0,chemical
LegacyBodyWallMuscles,VB4,20.0,chemical
LegacyBodyWallMuscles,VD10,22.0,chemical
LegacyBodyWallMuscles,VD7,24.0,chemical
LegacyBodyWallMuscles,VC1,6.0,chemical
LegacyBodyWallMuscles,VC6,1.0,chemical
RMDL,ADEL,4.0,chemical
RMDL,IL1L,1.0,chemical
RMDL,IL2L,3.0,chemical
RMDL,OLLL,2.0,chemical
RMDL,RIVL,2.0,chemical
RMDL,OLLR,5.0,chemical
RMDL,RIAR,6.0,chemical
RMDL,RMDDR,1.0,chemical
RMDL,RMDR,4.0,chemical
RMDL,RMDVL,1.0,electrical
RMDL,RMER,1.0,chemical
RMDL,RMFL,1.0,chemical
RMDL,RMGL,1.0,chemical
RMDL,RMGR,4.0,chemical
RMDL,RMDDL,1.0,electrical
RMDL,RIS,2.0,chemical
RMDL,IL1R,4.0,chemical
RMDL,URBR,1.0,chemical
RMDL,IL2R,2.0,chemical
RMDR,IL1L,3.0,chemical
RMDR,IL2L,1.0,chemical
RMDR,RMGL,3.0,chemical
RMDR,RMHL,1.0,chemical
RMDR,ALA,1.0,chemical
RMDR,RIAR,15.0,chemical
RMDR,RIS,5.0,chemical
RMDR,RMDDL,1.0,chemical
RMDR,URXR,1.0,chemical
RMDR,RMGR,2.0,chemical
RMDR,RMFL,3.0,chemical
RMDR,IL1R,2.0,chemical
RMDR,URBR,1.0,chemical
SAAVL,ALNL,4.0,chemical
SAAVL,OLLR,1.0,chemical
SAAVL,RMDVL,1.0,electrical
SAAVL,SMBVR,3.0,electrical
SAAVR,ALNR,2.0,chemical
OLQDL,RIPR,1.0,chemical
OLQDL,CEPDL,1.0,electrical
OLQDL,IL2L,5.0,chemical
OLQDL,RIH,4.0,chemical
OLQDL,RMDDR,4.0,chemical
OLQDL,RMDVL,1.0,electrical
OLQDL,URBL,1.0,electrical
OLQDL,IL2DL,2.0,chemical
OLQDR,RIPR,1.0,chemical
OLQDR,RIH,1.0,electrical
OLQDR,CEPDR,2.0,electrical
OLQDR,AIMR,1.0,chemical
OLQDR,RMDDL,3.0,chemical
OLQDR,RMHR,1.0,chemical
OLQDR,SIBVR,2.0,chemical
OLQDR,URBR,1.0,electrical
OLQDR,IL2R,2.0,chemical
RIAR,ADFR,16.0,chemical
RIAR,RIH,8.0,chemical
RIAR,RIVL,2.0,chemical
RIAR,AIYR,6.0,chemical
RIAR,AIZR,7.0,chemical
RIAR,AUAR,6.0,chemical
RIAR,AWBR,1.0,chemical
RIAR,PVPR,2.0,chemical
RIAR,CEPVR,1.0,chemical
RIAR,IL1R,1.0,chemical
RIAR,RMDDL,10.0,chemical
RIAR,RMDDR,11.0,chemical
RIAR,RMDVL,12.0,chemical
RIAR,SIADL,1.0,chemical
RIAR,SIADR,1.0,chemical
RIAR,SIAVL,1.0,chemical
RIAR,URXR,3.0,chemical
RIAR,ASEL,1.0,chemical
RIAR,BAGL,5.0,chemical
RIAR,URYVR,1.0,chemical
RIAR,IL2VR,2.0,chemical
RMDDL,IL1L,5.0,chemical
RMDDL,OLLL,7.0,chemical
RMDDL,CEPDR,1.0,chemical
RMDDL,CEPVL,4.0,chemical
RMDDL,ALMR,1.0,chemical
RMDDL,RMDVL,1.0,electrical
RMDDL,RIS,1.0,chemical
RMDDL,IL1R,3.0,chemical
RMDDL,IL1VL,5.0,chemical
ADFR,AIYR,2.0,chemical
ADFR,AIZR,8.0,chemical
ADFR,AUAR,4.0,chemical
ADFR,AWBR,5.0,chemical
ADFR,PVPR,2.0,chemical
ADFR,SMBVR,2.0,chemical
ADFR,URXR,1.0,chemical
ADFR,RIH,1.0,chemical
ADFR,AIAR,1.0,electrical
ADFR,AWAR,3.0,chemical
ADFR,AVHL,3.0,chemical
ADFR,ASEL,1.0,chemical
RIPR,I1L,1.0,electrical
RIPR,RIH,6.0,chemical
RIPR,PVR,3.0,chemical
RIPR,URXR,3.0,chemical
RIPR,RIFR,1.0,chemical
RIPR,CEPVR,1.0,chemical
RIPR,URADR,3.0,chemical
RIPR,IL1DR,5.0,chemical
RIPR,IL1VR,6.0,chemical
RIPR,IL2VR,15.0,chemical
RIPR,OLQVR,2.0,chemical
RIPR,URAVR,3.0,chemical
RIPR,RMED,1.0,electrical
RIPR,IL2DR,11.0,chemical
AIYR,AIZR,8.0,chemical
AIYR,AWAR,3.0,chemical
AIYR,HSNL,1.0,chemical
AIYR,AUAR,1.0,chemical
AIYR,AWCR,9.0,chemical
AIYR,AFDR,13.0,chemical
AIYR,ASGR,1.0,chemical
AIYR,ASEL,6.0,chemical
AIZR,RIH,4.0,chemical
AIZR,AIAR,2.0,chemical
AIZR,SMBVR,3.0,chemical
AIZR,AWBR,4.0,chemical
AIZR,HSNL,1.0,chemical
AIZR,ASGR,1.0,electrical
AIZR,AWAR,1.0,electrical
AUAR,RIH,1.0,chemical
AUAR,AINL,2.0,mixed
AUAR,URXR,5.0,chemical
AUAR,AWBR,1.0,electrical
AUAR,AINR,1.0,chemical
AUAR,AWAR,1.0,chemical
AWBR,ASGR,1.0,chemical
AWBR,AWBL,1.0,electrical
AWBR,RMGR,1.0,electrical
AWBR,SMBVR,1.0,chemical
AWBR,HSNL,2.0,chemical
AWBR,AWAR,1.0,chemical
AWBR,AVHL,1.0,chemical
PVPR,AVHL,5.0,chemical
PVPR,DD2,1.0,chemical
PVPR,RMGR,1.0,chemical
PVPR,RIFR,4.0,chemical
PVPR,PVPL,1.0,electrical
PVPR,VD4,1.0,electrical
PVPR,VD5,1.0,electrical
PVPR,AVG,1.0,chemical
SMBVR,RMEV,3.0,chemical
SMBVR,AVHL,2.0,chemical
SMBVR,PLNR,6.0,chemical
URXR,OLQVR,1.0,chemical
URXR,RMGR,2.0,mixed
URXR,SIAVR,1.0,chemical
URXR,IL1R,2.0,chemical
URXR,URBR,6.0,chemical
URXR,IL2VR,1.0,chemical
URXR,IL2R,1.0,electrical
AIAR,ADLR,12.0,chemical
AIAR,ASGR,12.0,chemical
AIAR,ASIR,5.0,mixed
AIAR,AWAR,1.0,electrical
AIAR,AWCL,5.0,chemical
AIAR,AWCR,5.0,chemical
AIAR,RIFR,2.0,chemical
AIAR,AIMR,5.0,chemical
AIAR,ASKR,11.0,chemical
RMGR,CEPDR,1.0,chemical
RMGR,AIMR,3.0,chemical
RMGR,ASKR,1.0,electrical
RMGR,ALNR,1.0,chemical
RMGR,RMHR,1.0,electrical
RMGR,RMFL,1.0,chemical
RMGR,IL2R,1.0,electrical
AVHL,BDUL,1.0,chemical
AVHL,AIML,2.0,chemical
AVHL,RIFR,1.0,chemical
AVHL,AVFL,4.0,mixed
AVHL,AVFR,4.0,mixed
AVHL,AVHR,2.0,mixed
AVHL,PHBR,1.0,electrical
AVHL,PVQL,1.0,chemical
AVHL,VD1,1.0,chemical
AVHL,BDUR,1.0,chemical
AVHL,PHAL,1.0,chemical
PVPL,AVHR,4.0,chemical
PVPL,DVB,2.0,chemical
PVPL,PHAR,3.0,electrical
URYVR,RIH,1.0,chemical
URYVR,IL1VR,1.0,chemical
URYVR,RMDDR,6.0,chemical
URYVR,RMDVL,4.0,chemical
URYVR,SIBDR,1.0,chemical
URYVR,RIS,1.0,chemical
AVFR,AIML,1.0,chemical
AVFR,AVFL,24.0,mixed
AVFR,ASJL,1.0,chemical
AVFR,AVHR,2.0,mixed
AVFR,PVQL,1.0,chemical
AVFR,VC4,1.0,electrical
AVFR,VD11,1.0,chemical
AVFR,AIMR,2.0,chemical
AVFR,VC5,1.0,chemical
PLMR,BDUR,1.0,electrical
PLMR,PVR,2.0,electrical
RIFR,AWAR,2.0,chemical
RIFR,AVFL,1.0,chemical
RIFR,AVG,1.0,electrical
RIFR,AIMR,1.0,chemical
RIFR,ASKR,1.0,chemical
RIS,CEPDL,1.0,chemical
RIS,CEPDR,2.0,chemical
RIS,SDQL,3.0,chemical
RIS,DB1,1.0,electrical
RIS,CEPVL,2.0,chemical
RIS,CEPVR,1.0,chemical
RIS,OLLR,1.0,chemical
ASKR,AIMR,4.0,chemical
ASKR,ASJR,4.0,chemical
ASKR,AWAR,1.0,chemical
ASKR,CEPVR,1.0,chemical
AVFL,AIML,4.0,chemical
AVFL,HSNL,7.0,chemical
AVFL,AVG,3.0,chemical
AVFL,AVHR,7.0,mixed
AVFL,PVQL,1.0,chemical
AVFL,AIMR,2.0,chemical
AVFL,PHAL,3.0,chemical
AVFL,PHBR,1.0,chemical
AVFL,VC5,1.0,chemical
AWAR,AFDR,7.0,chemical
AWAR,ASEL,1.0,chemical
AWAR,AWAL,1.0,electrical
VD1,VC1,5.0,mixed
VD1,DB1,21.0,chemical
VD1,VC2,2.0,chemical
RMFL,SDQL,1.0,chemical
RMFL,URBR,1.0,electrical
I1L,I5,3.0,mixed
I1L,M2L,2.0,chemical
I1L,M2R,2.0,chemical
I1L,M3L,2.0,chemical
I1L,M3R,2.0,chemical
I1L,MCL,2.0,chemical
I1L,MCR,2.0,chemical
I1L,NSML,1.0,chemical
I1L,NSMR,1.0,chemical
I1L,I1R,1.0,electrical
I1L,I2L,1.0,electrical
I1L,I2R,1.0,electrical
I1L,I3,1.0,chemical
I1L,MI,1.0,electrical
RMEV,IL2L,2.0,chemical
RMEV,RIH,1.0,chemical
RMEV,IL1DL,1.0,electrical
RMEV,URAVL,2.0,chemical
RMEV,IL2VR,3.0,chemical
RMEV,URAVR,2.0,chemical
RMEV,GLRVR,1.0,electrical
RMEV,GLRVL,1.0,electrical
RMEV,IL1DR,1.0,electrical
RMEV,RMED,2.0,electrical
RMEV,RMEL,1.0,electrical
RMEV,RMER,1.0,electrical
RMEV,IL2DR,1.0,chemical
RMEV,IL2R,1.0,chemical
RMEV,IL2VL,1.0,chemical
SIAVL,RMGL,1.0,chemical
SIAVL,URBL,1.0,chemical
SIAVL,CEPVL,2.0,chemical
PVR,DB2,1.0,chemical
PVR,IL1DL,2.0,chemical
PVR,IL1DR,1.0,chemical
PVR,IL1VL,1.0,chemical
PVR,IL1VR,1.0,chemical
PVR,URADL,1.0,chemical
PVR,ALML,1.0,electrical
PVR,AVM,3.0,chemical
PVR,PVM,1.0,chemical
RIVL,ADEL,1.0,chemical
RIVL,SIAVR,2.0,chemical
RIVL,CEPVR,1.0,chemical
RMDDR,URBL,1.0,chemical
RMDDR,OLLR,10.0,chemical
RMDDR,ALML,1.0,chemical
RMDDR,OLQVR,1.0,electrical
RMDDR,RMDVL,18.0,chemical
RMDDR,URYDL,5.0,chemical
RMDDR,CEPVR,2.0,chemical
RMDDR,IL1DL,1.0,chemical
RMDDR,IL1R,2.0,chemical
RMDDR,IL1VR,10.0,chemical
RMDVL,CEPDL,3.0,chemical
RMDVL,IL1L,4.0,chemical
RMDVL,OLLL,1.0,chemical
RMDVL,RMGL,3.0,chemical
RMDVL,IL1DL,4.0,chemical
RMDVL,URYDL,6.0,chemical
RMDVL,IL1R,1.0,chemical
RMDVL,OLQVR,4.0,chemical
RMDVL,URAVR,1.0,chemical
ADEL,BDUL,4.0,chemical
ADEL,CEPDL,1.0,chemical
ADEL,IL1L,1.0,chemical
ADEL,IL2L,4.0,chemical
ADEL,OLLL,2.0,chemical
ADEL,RIH,2.0,chemical
ADEL,RMGL,1.0,chemical
ADEL,RMHL,1.0,chemical
ADEL,SIADR,1.0,chemical
ADEL,SIBDR,1.0,chemical
ADEL,URBL,1.0,chemical
ADEL,ALA,1.0,chemical
ADEL,AINL,1.0,electrical
BDUL,HSNL,1.0,chemical
BDUL,URADL,1.0,chemical
BDUL,ALML,6.0,chemical
BDUL,AVM,3.0,chemical
BDUL,PLML,1.0,electrical
CEPDL,IL1DL,4.0,chemical
CEPDL,OLLL,5.0,chemical
CEPDL,RMGL,5.0,chemical
CEPDL,RMHR,4.0,chemical
CEPDL,SIADR,2.0,chemical
CEPDL,URADL,2.0,chemical
CEPDL,URBL,5.0,chemical
CEPDL,URYDL,2.0,chemical
CEPDL,RIH,1.0,electrical
CEPDL,ALML,3.0,chemical
IL1L,IL1DL,2.0,mixed
IL1L,RMER,1.0,chemical
IL1L,IL2L,1.0,chemical
IL1L,URBL,1.0,chemical
IL1L,IL1VL,1.0,electrical
IL2L,RIH,9.0,chemical
IL2L,RMER,2.0,chemical
IL2L,RMGL,1.0,electrical
IL2L,URXL,2.0,chemical
IL2L,IL2VL,1.0,chemical
OLLL,CEPVL,8.0,chemical
OLLL,IL1VL,2.0,chemical
OLLL,OLLR,2.0,electrical
OLLL,RMEL,2.0,chemical
OLLL,URYDL,1.0,chemical
OLLL,IL1DL,1.0,electrical
RIH,BAGR,1.0,chemical
RIH,CEPDR,1.0,electrical
RIH,CEPVL,2.0,mixed
RIH,CEPVR,3.0,mixed
RIH,IL2R,7.0,chemical
RIH,OLQVR,8.0,chemical
RIH,RMER,2.0,chemical
RIH,IL1DL,1.0,chemical
RIH,IL2VR,3.0,chemical
RIH,IL2VL,2.0,chemical
RMGL,ALML,2.0,chemical
RMGL,ALNL,1.0,chemical
RMGL,RID,1.0,chemical
RMGL,RMHL,3.0,electrical
RMGL,RMHR,2.0,chemical
RMGL,SIBVR,1.0,chemical
RMGL,URXL,2.0,mixed
RMGL,ADLL,1.0,electrical
RMGL,AWBL,1.0,electrical
RMGL,PVQL,1.0,chemical
RMHL,CEPDR,4.0,chemical
RMHL,CEPVL,1.0,chemical
RMHL,IL1R,1.0,chemical
RMHL,SIBVR,1.0,electrical
SIBDR,AIML,1.0,electrical
SIBDR,OLQVR,4.0,chemical
SIBDR,SIBVR,1.0,electrical
URBL,URXL,4.0,chemical
URBL,VC5,3.0,chemical
ALA,ADLL,2.0,chemical
ALA,RID,1.0,electrical
CEPDR,BDUR,1.0,chemical
CEPDR,IL1DR,5.0,chemical
CEPDR,IL1R,1.0,chemical
CEPDR,OLLR,10.0,chemical
CEPDR,RMHR,1.0,chemical
CEPDR,SIADL,1.0,chemical
CEPDR,URADR,1.0,chemical
CEPDR,URBR,3.0,chemical
CEPDR,ALMR,1.0,chemical
CEPDR,IL2DR,1.0,chemical
OLLR,CEPVR,13.0,chemical
OLLR,IL1DR,1.0,electrical
OLLR,IL1VR,1.0,chemical
OLLR,IL2R,3.0,chemical
OLLR,RMER,2.0,chemical
OLLR,ADLR,1.0,chemical
OLLR,VC5,1.0,chemical
DD6,PDA,1.0,chemical
DD6,DVB,3.0,chemical
DVB,PDA,1.0,chemical
DVB,PHCL,1.0,chemical
PVM,AVM,1.0,chemical
PVWL,PVWR,1.0,chemical
HSNL,ASJR,1.0,chemical
HSNL,AWBL,2.0,chemical
HSNL,VC5,4.0,chemical
HSNL,PVQL,2.0,chemical
HSNL,AIMR,1.0,chemical
HSNL,ASJL,1.0,chemical
HSNL,PLML,1.0,chemical
URADL,IL1DL,2.0,chemical
URADL,RMEL,1.0,chemical
URADL,IL2DL,3.0,chemical
IL1DL,IL1DR,1.0,electrical
IL1DL,URYDL,1.0,chemical
IL1DL,IL2DL,7.0,chemical
RMHR,CEPVR,2.0,chemical
RMHR,ALNR,1.0,chemical
RMHR,RMER,1.0,chemical
RMER,URADR,1.0,chemical
RMER,URAVL,1.0,chemical
RMER,IL1VR,1.0,chemical
RMER,IL2VR,2.0,chemical
RMER,OLQVR,1.0,chemical
RMER,URAVR,2.0,chemical
RMER,GLRR,1.0,electrical
RMER,IL2DL,3.0,chemical
RMER,IL2DR,2.0,chemical
RMER,IL2VL,4.0,chemical
CEPVL,ALML,2.0,chemical
CEPVL,ADLL,1.0,chemical
CEPVL,IL1VL,2.0,chemical
CEPVL,URAVL,2.0,chemical
IL1VL,IL1VR,1.0,electrical
IL1VL,RMED,1.0,electrical
IL1VL,IL2VL,7.0,chemical
RMEL,IL1R,2.0,chemical
RMEL,URAVL,1.0,chemical
RMEL,IL2VR,3.0,chemical
RMEL,GLRL,1.0,electrical
RMEL,IL2DL,4.0,chemical
RMEL,IL2DR,2.0,chemical
RMEL,IL2R,2.0,chemical
RMEL,IL2VL,2.0,chemical
SIADL,ALMR,1.0,chemical
ALML,AIML,1.0,chemical
ALML,AVM,1.0,electrical
ALML,SDQL,2.0,chemical
AVG,PHAL,7.0,chemical
AVG,PHAR,3.0,chemical
AVHR,AIML,1.0,chemical
AVHR,ADLL,1.0,chemical
AVHR,ADLR,2.0,chemical
AVHR,VC4,1.0,chemical
AVHR,PHAL,1.0,chemical
AVHR,PHAR,1.0,chemical
AVHR,PHCR,1.0,chemical
BAGR,AINR,3.0,chemical
BAGR,BAGL,2.0,mixed
BAGR,IL2VL,1.0,chemical
BAGL,AINL,3.0,chemical
CEPVR,ALMR,1.0,chemical
CEPVR,ASGR,1.0,chemical
CEPVR,IL1VR,2.0,chemical
CEPVR,IL2VR,2.0,chemical
CEPVR,OLQVR,1.0,electrical
CEPVR,SIAVR,2.0,chemical
CEPVR,URAVR,1.0,chemical
IL2R,URBR,2.0,chemical
IL2R,IL1R,1.0,chemical
IL2R,IL1VR,1.0,electrical
IL2R,OLQVR,7.0,chemical
OLQVR,URBR,1.0,electrical
OLQVR,IL2VR,2.0,chemical
OLQVR,IL1VR,1.0,chemical
SIAVR,URBR,2.0,chemical
RID,AINR,1.0,chemical
RID,DD2,4.0,chemical
RID,DD3,3.0,chemical
RID,PDB,2.0,electrical
RID,VD5,2.0,chemical
RID,AVM,1.0,chemical
RID,DB1,1.0,electrical
AIML,ASGL,2.0,chemical
AIML,PVQL,1.0,chemical
RMED,URADR,1.0,chemical
RMED,GLRDR,1.0,electrical
RMED,GLRDL,1.0,electrical
RMED,IL2DR,1.0,chemical
AVM,BDUR,4.0,chemical
AVM,ALMR,1.0,electrical
PVQL,ASJL,15.0,chemical
PVQL,PHAL,2.0,chemical
PVQL,PHAR,2.0,chemical
BDUR,ALMR,6.0,chemical
BDUR,SDQL,1.0,chemical
BDUR,URADR,1.0,chemical
IL1DR,URADR,1.0,chemical
IL1DR,IL1R,1.0,electrical
IL1DR,IL2DR,7.0,chemical
IL1R,IL1VR,2.0,mixed
IL1R,URBR,3.0,chemical
IL1R,URAVR,1.0,chemical
URADR,IL2DR,3.0,chemical
IL1VR,IL2VR,7.0,chemical
DB2,DB1,1.0,electrical
DB2,DD2,2.0,chemical
DB2,VD4,14.0,chemical
DB2,VD5,1.0,chemical
ASEL,AWCR,2.0,chemical
ASEL,AINR,1.0,chemical
ASEL,AWAL,4.0,chemical
ASEL,ASIR,2.0,chemical
ASEL,AWCL,5.0,chemical
ASEL,AINL,3.0,chemical
AINR,AFDL,5.0,chemical
AINR,AFDR,1.0,chemical
AINR,AINL,2.0,electrical
AINR,ASGL,2.0,mixed
IL2VL,URAVL,3.0,chemical
AFDR,AFDL,1.0,electrical
AFDR,AINL,5.0,chemical
AINL,ASGR,1.0,electrical
ASGR,AWCR,1.0,chemical
ASGR,AIMR,2.0,chemical
AWBL,ADLL,2.0,chemical
AWBL,AWAL,1.0,chemical
DD2,VD4,2.0,electrical
DD2,DD3,2.0,electrical
DD2,VC2,4.0,chemical
DD2,VB4,6.0,chemical
DD2,VC1,6.0,chemical
ADLL,ADLR,1.0,electrical
ADLR,AWCR,3.0,chemical
AWCR,AWCL,6.0,chemical
AWCR,ASIL,2.0,chemical
AWCR,ASIR,2.0,chemical
ASGL,AWAL,1.0,chemical
ASIL,ASIR,1.0,electrical
ASIL,AWCL,2.0,chemical
AWAL,AFDL,5.0,chemical
AWCL,ASIR,1.0,chemical
VB4,VD5,2.0,chemical
VB4,DB1,1.0,electrical
VB4,DD3,16.0,chemical
ASJR,AIMR,2.0,chemical
ASJR,ASJL,1.0,electrical
VC5,VC4,2.0,mixed
VC4,VC1,1.0,chemical
PHBR,PHAL,5.0,chemical
PHBR,PHBL,4.0,mixed
PHBR,PHAR,5.0,chemical
VC2,DD3,9.0,chemical
VC2,VC1,10.0,mixed
VC2,VD4,5.0,chemical
VC2,VD5,5.0,chemical
VC2,VD6,1.0,chemical
VD4,VD5,1.0,electrical
VD4,VC1,2.0,chemical
DD3,DD4,1.0,electrical
DD3,VC1,6.0,chemical
VD6,VD5,2.0,electrical
VD6,VD7,1.0,electrical
VD6,VC1,1.0,chemical
VD5,VC1,5.0,chemical
PVDL,DD5,1.0,chemical
PVDL,VD10,1.0,chemical
PVDL,PVDR,1.0,chemical
IL2VR,URAVR,4.0,chemical
PHBL,PHAL,5.0,chemical
PHBL,PHAR,1.0,chemical
PHCL,PHCR,1.0,electrical
PHCL,PLML,1.0,electrical
DD4,VD8,2.0,mixed
DD5,VD9,1.0,chemical
DD5,VD10,1.0,electrical
VD9,VD10,5.0,electrical
PHAL,PHAR,8.0,mixed
I5,I4,2.0,chemical
I5,M1,1.0,chemical
I5,M3L,2.0,chemical
I5,M3R,2.0,chemical
I5,M4,9.0,chemical
I5,M5,3.0,mixed
I5,NSML,2.0,chemical
I5,NSMR,2.0,chemical
I5,I1R,1.0,electrical
I5,MI,2.0,electrical
M2L,I3,2.0,mixed
M2L,M4,1.0,electrical
M2L,M5,2.0,electrical
M2L,MCL,2.0,electrical
M2L,MCR,2.0,electrical
M2L,MI,3.0,mixed
M2L,pm4,4.0,chemical
M2L,M2R,1.0,electrical
M2L,I1R,2.0,chemical
M2R,I3,2.0,mixed
M2R,M3L,1.0,electrical
M2R,M3R,1.0,electrical
M2R,M4,1.0,electrical
M2R,M5,2.0,electrical
M2R,MCL,2.0,electrical
M2R,MCR,2.0,electrical
M2R,MI,3.0,mixed
M2R,pm4,5.0,chemical
M2R,I1R,2.0,chemical
M3L,MCR,1.0,electrical
M3L,pm4,4.0,chemical
M3L,M3R,1.0,electrical
M3L,MCL,1.0,electrical
M3L,NSMR,1.0,chemical
M3L,I1R,2.0,chemical
M3L,I4,3.0,chemical
M3L,I3,1.0,chemical
M3L,MI,1.0,electrical
M3R,MCL,1.0,electrical
M3R,MCR,1.0,electrical
M3R,MI,2.0,mixed
M3R,pm4,4.0,chemical
M3R,NSMR,1.0,chemical
M3R,I1R,2.0,chemical
M3R,I4,3.0,chemical
M3R,I3,1.0,chemical
MCL,I1R,2.0,chemical
MCL,I3,1.0,chemical
MCL,MI,2.0,electrical
MCR,I1R,2.0,chemical
MCR,I3,1.0,chemical
MCR,MI,2.0,electrical
NSML,I6,2.0,chemical
NSML,I1R,1.0,chemical
NSML,I2L,3.0,chemical
NSML,I4,2.0,chemical
NSML,I2R,3.0,chemical
NSML,I3,1.0,chemical
NSMR,I6,2.0,chemical
NSMR,I1R,1.0,chemical
NSMR,I2L,3.0,chemical
NSMR,I4,2.0,chemical
NSMR,I2R,3.0,chemical
NSMR,I3,1.0,chemical
I4,I2L,1.0,chemical
I4,M1,1.0,electrical
I4,MI,1.0,electrical
I4,I2R,1.0,chemical
M1,I2L,4.0,mixed
M1,I2R,4.0,mixed
M1,I3,1.0,electrical
M1,MI,2.0,mixed
M1,pm1,8.0,chemical
M1,M4,1.0,chemical
M1,M5,1.0,chemical
M4,I6,2.0,mixed
M4,M5,1.0,electrical
M5,I6,2.0,electrical
I3,I1R,1.0,chemical
I3,MI,1.0,electrical
MI,I1R,1.0,electrical
MI,pm4,4.0,chemical
I6,I2L,1.0,chemical
I6,I2R,1.0,chemical
I1R,I2L,1.0,electrical
I1R,I2R,1.0,electrical
